Draw Date,Win Num 1,Win Num 2,Win Num 3,Win Num 4,Win Num 5,,,,,,,,,,,,,Cash Ball
6/16/2014,9,36,44,53,59,,Range 1 to 60,,,,,,,,,,,2
6/19/2014,8,13,43,56,60,,"2421 x 5 numbers, 12105 points",,,Count,Expected,Chi Sq,df,Chi Sq Sum,p val,,,1
6/23/2014,5,16,21,33,47,,,,1,202,201.75,0.000309789,69,41.08921933,0.9969644,,,1
6/26/2014,15,22,51,52,58,,,,2,190,,0.684324659,,,,,,2
6/30/2014,1,4,10,28,33,,,,3,184,,1.561648079,,,,,,4
7/3/2014,8,10,25,28,31,,,,4,192,,0.471189591,,,,,,4
7/7/2014,11,13,23,54,55,,,,5,220,,1.65086741,,,,,,4
7/10/2014,11,12,31,54,59,,,,6,212,,0.520755886,,,,,,3
7/14/2014,9,19,34,37,49,,,,7,192,,0.471189591,,,,,,3
7/17/2014,8,9,22,46,51,,,,8,222,,2.032527881,,,,,,1
7/21/2014,4,6,11,24,31,,,,9,223,,2.238228005,,,,,,3
7/24/2014,5,20,35,43,48,,,,10,199,,0.037484511,,,,,,4
7/28/2014,6,15,31,51,53,,,,11,205,,0.052354399,,,,,,4
7/31/2014,13,25,26,32,58,,,,12,190,,0.684324659,,,,,,4
8/4/2014,17,21,36,48,60,,,,13,223,,2.238228005,,,,,,1
8/7/2014,3,18,38,40,49,,,,14,220,,1.65086741,,,,,,2
8/11/2014,5,10,33,48,57,,,,15,199,,0.037484511,,,,,,3
8/14/2014,3,11,34,46,60,,,,16,214,,0.743804213,,,,,,4
8/18/2014,6,10,29,44,57,,,,17,178,,2.795848823,,,,,,1
8/21/2014,11,24,40,43,47,,,,18,186,,1.229553903,,,,,,1
8/25/2014,6,8,34,40,59,,,,19,201,,0.002788104,,,,,,4
8/28/2014,12,24,27,38,49,,,,20,187,,1.078376704,,,,,,4
9/1/2014,9,21,27,45,53,,,,21,225,,2.67936803,,,,,,1
9/4/2014,3,21,28,32,56,,,,22,198,,0.069702602,,,,,,2
9/8/2014,1,17,23,44,45,,,,23,198,,0.069702602,,,,,,2
9/11/2014,12,44,56,58,59,,,,24,206,,0.08952912,,,,,,3
9/15/2014,3,5,9,32,56,,,,25,208,,0.19361834,,,,,,2
9/18/2014,5,10,11,24,28,,,,26,218,,1.308859975,,,,,,4
9/22/2014,28,39,40,53,54,,,,27,203,,0.007744734,,,,,,1
9/25/2014,9,11,28,30,41,,,,28,204,,0.025092937,,,,,,4
9/29/2014,19,36,37,43,50,,,,29,185,,1.390644362,,,,,,3
10/2/2014,23,34,35,44,52,,,,30,189,,0.805762082,,,,,,4
10/6/2014,16,30,37,52,55,,,,31,195,,0.225836431,,,,,,1
10/9/2014,23,26,32,50,57,,,,32,195,,0.225836431,,,,,,2
10/13/2014,10,13,49,54,57,,,,33,183,,1.742565056,,,,,,4
10/16/2014,12,13,20,28,45,,,,34,212,,0.520755886,,,,,,2
10/20/2014,8,16,43,52,59,,,,35,195,,0.225836431,,,,,,4
10/23/2014,9,22,24,36,54,,,,36,213,,0.62732342,,,,,,1
10/27/2014,6,9,28,40,41,,,,37,202,,0.000309789,,,,,,1
10/30/2014,19,22,29,38,53,,,,38,208,,0.19361834,,,,,,2
11/3/2014,3,27,28,49,52,,,,39,206,,0.08952912,,,,,,3
11/6/2014,3,7,14,20,32,,,,40,211,,0.424101611,,,,,,3
11/10/2014,7,21,30,53,55,,,,41,198,,0.069702602,,,,,,3
11/13/2014,7,8,16,49,56,,,,42,204,,0.025092937,,,,,,3
11/17/2014,8,23,37,38,58,,,,43,199,,0.037484511,,,,,,1
11/20/2014,2,40,46,59,60,,,,44,216,,1.006505576,,,,,,1
11/24/2014,8,25,26,33,56,,,,45,200,,0.015179678,,,,,,3
11/27/2014,9,30,43,51,55,,,,46,200,,0.015179678,,,,,,4
12/1/2014,4,7,33,50,55,,,,47,189,,0.805762082,,,,,,3
12/4/2014,1,15,21,41,60,,,,48,201,,0.002788104,,,,,,4
12/8/2014,4,11,14,46,59,,,,49,196,,0.163878563,,,,,,4
12/11/2014,12,22,27,35,49,,,,50,198,,0.069702602,,,,,,1
12/15/2014,8,22,31,38,40,,,,51,208,,0.19361834,,,,,,3
12/18/2014,20,22,26,27,43,,,,52,200,,0.015179678,,,,,,3
12/22/2014,3,17,30,50,55,,,,53,188,,0.937112763,,,,,,3
12/25/2014,5,14,22,37,60,,,,54,173,,4.096964064,,,,,,4
12/29/2014,8,9,35,37,41,,,,55,205,,0.052354399,,,,,,4
1/1/2015,13,19,20,21,35,,,,56,209,,0.260532838,,,,,,3
1/5/2015,12,23,29,38,43,,,,57,222,,2.032527881,,,,,,4
1/8/2015,16,28,38,43,45,,,,58,204,,0.025092937,,,,,,2
1/12/2015,1,5,11,39,47,,,,59,201,,0.002788104,,,,,,1
1/15/2015,12,15,22,25,27,,,,60,196,,0.163878563,,,,,,4
1/19/2015,18,29,47,52,53,,,,,,,,,,,,,4
1/22/2015,8,11,35,47,60,,,,,,,,,,,,,3
1/26/2015,1,20,24,46,57,,,,,,,,,,,,,2
1/29/2015,8,24,28,57,60,,,,,,,,,,,,,3
2/2/2015,4,8,17,20,21,,,,,,,,,,,,,1
2/5/2015,14,17,38,40,45,,,,,,,,,,,,,4
2/9/2015,9,17,36,38,53,,,,,,,,,,,,,1
2/12/2015,6,11,32,56,60,,,,,,,,,,,,,2
2/16/2015,6,26,35,40,43,,,,,,,,,,,,,4
2/19/2015,18,43,51,52,60,,,,,,,,,,,,,3
2/23/2015,1,14,20,21,43,,,,,,,,,,,,,1
2/26/2015,3,16,20,38,49,,,,,,,,,,,,,1
3/2/2015,8,23,27,38,47,,,,,,,,,,,,,3
3/5/2015,10,22,46,47,48,,,,,,,,,,,,,4
3/9/2015,19,34,35,54,57,,,,,,,,,,,,,1
3/12/2015,3,6,17,47,48,,,,,,,,,,,,,1
3/16/2015,12,18,33,44,46,,,,,,,,,,,,,1
3/19/2015,2,12,28,51,54,,,,,,,,,,,,,3
3/23/2015,18,26,28,35,36,,,,,,,,,,,,,3
3/26/2015,6,35,36,47,53,,,,,,,,,,,,,1
3/30/2015,9,23,43,45,52,,,,,,,,,,,,,2
4/2/2015,15,22,29,34,37,,,,,,,,,,,,,2
4/6/2015,2,16,20,25,50,,,,,,,,,,,,,3
4/9/2015,5,7,27,43,50,,,,,,,,,,,,,3
4/13/2015,7,17,26,34,60,,,,,,,,,,,,,3
4/16/2015,1,6,11,13,23,,,,,,,,,,,,,1
4/20/2015,35,36,37,53,56,,,,,,,,,,,,,2
4/23/2015,3,12,30,40,56,,,,,,,,,,,,,1
4/27/2015,13,14,29,46,47,,,,,,,,,,,,,1
4/30/2015,9,26,29,46,58,,,,,,,,,,,,,2
5/4/2015,3,5,21,30,60,,,,,,,,,,,,,2
5/7/2015,4,11,44,47,53,,,,,,,,,,,,,4
5/11/2015,7,8,14,18,52,,,,,,,,,,,,,1
5/14/2015,6,28,34,39,43,,,,,,,,,,,,,1
5/18/2015,16,30,35,38,51,,,,,,,,,,,,,4
5/21/2015,18,22,24,29,56,,,,,,,,,,,,,3
5/25/2015,15,40,48,59,60,,,,,,,,,,,,,2
5/28/2015,8,25,28,33,47,,,,,,,,,,,,,1
6/1/2015,7,10,23,37,56,,,,,,,,,,,,,2
6/4/2015,4,9,32,41,43,,,,,,,,,,,,,2
6/8/2015,33,39,43,49,52,,,,,,,,,,,,,2
6/11/2015,17,24,43,49,57,,,,,,,,,,,,,2
6/15/2015,10,14,16,32,34,,,,,,,,,,,,,4
6/18/2015,1,2,14,29,59,,,,,,,,,,,,,2
6/22/2015,5,26,27,51,59,,,,,,,,,,,,,3
6/25/2015,3,26,27,29,58,,,,,,,,,,,,,3
6/29/2015,1,19,37,49,56,,,,,,,,,,,,,2
7/2/2015,18,19,31,43,54,,,,,,,,,,,,,1
7/6/2015,3,10,30,33,40,,,,,,,,,,,,,1
7/9/2015,19,34,36,54,55,,,,,,,,,,,,,3
7/13/2015,5,23,27,55,57,,,,,,,,,,,,,2
7/16/2015,22,29,47,53,54,,,,,,,,,,,,,1
7/20/2015,10,29,47,48,55,,,,,,,,,,,,,1
7/23/2015,8,26,28,41,52,,,,,,,,,,,,,2
7/27/2015,3,5,36,43,53,,,,,,,,,,,,,1
7/30/2015,15,16,26,27,51,,,,,,,,,,,,,3
8/3/2015,25,29,30,38,39,,,,,,,,,,,,,2
8/6/2015,4,5,24,31,42,,,,,,,,,,,,,4
8/10/2015,2,7,11,33,47,,,,,,,,,,,,,2
8/13/2015,8,12,50,51,56,,,,,,,,,,,,,1
8/17/2015,5,19,21,24,27,,,,,,,,,,,,,4
8/20/2015,6,14,25,39,56,,,,,,,,,,,,,1
8/24/2015,2,19,35,37,44,,,,,,,,,,,,,3
8/27/2015,5,29,37,55,58,,,,,,,,,,,,,2
8/31/2015,12,15,44,45,47,,,,,,,,,,,,,2
9/3/2015,20,33,46,49,51,,,,,,,,,,,,,4
9/7/2015,4,21,26,45,46,,,,,,,,,,,,,3
9/10/2015,11,16,50,55,56,,,,,,,,,,,,,1
9/14/2015,3,7,14,19,25,,,,,,,,,,,,,3
9/17/2015,14,15,17,35,56,,,,,,,,,,,,,1
9/21/2015,17,27,39,44,49,,,,,,,,,,,,,1
9/24/2015,14,17,29,39,50,,,,,,,,,,,,,1
9/28/2015,1,25,29,43,54,,,,,,,,,,,,,1
10/1/2015,25,37,39,47,55,,,,,,,,,,,,,4
10/5/2015,8,20,34,41,43,,,,,,,,,,,,,2
10/8/2015,25,27,28,42,53,,,,,,,,,,,,,1
10/12/2015,28,30,36,38,39,,,,,,,,,,,,,4
10/15/2015,7,11,39,40,45,,,,,,,,,,,,,2
10/19/2015,4,8,31,46,54,,,,,,,,,,,,,2
10/22/2015,5,18,45,52,57,,,,,,,,,,,,,4
10/26/2015,17,20,45,49,58,,,,,,,,,,,,,2
10/29/2015,10,31,32,34,51,,,,,,,,,,,,,3
11/2/2015,1,7,12,34,44,,,,,,,,,,,,,1
11/5/2015,13,20,25,31,51,,,,,,,,,,,,,3
11/9/2015,6,9,11,27,37,,,,,,,,,,,,,4
11/12/2015,6,41,44,49,56,,,,,,,,,,,,,1
11/16/2015,6,20,28,34,40,,,,,,,,,,,,,3
11/19/2015,2,7,21,38,48,,,,,,,,,,,,,4
11/23/2015,4,21,42,43,59,,,,,,,,,,,,,3
11/26/2015,13,23,43,47,59,,,,,,,,,,,,,2
11/30/2015,4,7,8,19,53,,,,,,,,,,,,,2
12/3/2015,8,10,27,37,39,,,,,,,,,,,,,3
12/7/2015,3,5,36,40,44,,,,,,,,,,,,,2
12/10/2015,10,47,48,53,58,,,,,,,,,,,,,1
12/14/2015,46,50,56,57,58,,,,,,,,,,,,,4
12/17/2015,26,49,52,54,56,,,,,,,,,,,,,1
12/21/2015,9,27,33,40,49,,,,,,,,,,,,,2
12/24/2015,5,19,36,41,55,,,,,,,,,,,,,4
12/28/2015,7,11,16,23,24,,,,,,,,,,,,,1
12/31/2015,1,5,24,47,55,,,,,,,,,,,,,1
1/4/2016,8,19,25,51,52,,,,,,,,,,,,,4
1/7/2016,14,31,37,54,56,,,,,,,,,,,,,1
1/11/2016,4,20,30,34,36,,,,,,,,,,,,,1
1/14/2016,23,27,29,36,60,,,,,,,,,,,,,1
1/18/2016,14,17,39,43,51,,,,,,,,,,,,,4
1/21/2016,11,13,36,46,48,,,,,,,,,,,,,4
1/25/2016,19,24,38,55,56,,,,,,,,,,,,,1
1/28/2016,4,5,15,25,59,,,,,,,,,,,,,4
2/1/2016,2,9,22,43,44,,,,,,,,,,,,,4
2/4/2016,8,12,23,40,54,,,,,,,,,,,,,4
2/8/2016,13,23,48,57,59,,,,,,,,,,,,,2
2/11/2016,6,31,35,40,55,,,,,,,,,,,,,3
2/15/2016,2,9,30,37,42,,,,,,,,,,,,,3
2/18/2016,21,24,37,38,49,,,,,,,,,,,,,4
2/22/2016,8,9,10,11,27,,,,,,,,,,,,,3
2/25/2016,2,16,19,33,39,,,,,,,,,,,,,3
2/29/2016,3,17,26,47,58,,,,,,,,,,,,,4
3/3/2016,7,13,35,40,45,,,,,,,,,,,,,1
3/7/2016,9,21,24,37,38,,,,,,,,,,,,,4
3/10/2016,6,12,21,40,57,,,,,,,,,,,,,1
3/14/2016,17,28,37,38,41,,,,,,,,,,,,,4
3/17/2016,11,16,34,44,56,,,,,,,,,,,,,2
3/21/2016,13,30,41,50,55,,,,,,,,,,,,,2
3/24/2016,17,24,30,45,48,,,,,,,,,,,,,1
3/28/2016,20,33,49,53,56,,,,,,,,,,,,,2
3/31/2016,9,17,28,38,45,,,,,,,,,,,,,3
4/4/2016,5,26,32,36,58,,,,,,,,,,,,,2
4/7/2016,2,11,32,50,54,,,,,,,,,,,,,3
4/11/2016,15,30,34,38,55,,,,,,,,,,,,,3
4/14/2016,24,25,48,55,56,,,,,,,,,,,,,4
4/18/2016,6,25,29,33,44,,,,,,,,,,,,,3
4/21/2016,6,12,20,40,53,,,,,,,,,,,,,1
4/25/2016,2,18,27,52,57,,,,,,,,,,,,,4
4/28/2016,4,14,22,47,58,,,,,,,,,,,,,2
5/2/2016,10,14,30,55,56,,,,,,,,,,,,,4
5/5/2016,17,18,30,43,49,,,,,,,,,,,,,3
5/9/2016,20,23,38,48,56,,,,,,,,,,,,,2
5/12/2016,4,13,15,16,32,,,,,,,,,,,,,4
5/16/2016,4,20,25,32,45,,,,,,,,,,,,,1
5/19/2016,10,18,37,40,57,,,,,,,,,,,,,1
5/23/2016,4,19,26,33,58,,,,,,,,,,,,,3
5/26/2016,4,13,26,34,43,,,,,,,,,,,,,4
5/30/2016,5,7,27,28,36,,,,,,,,,,,,,1
6/2/2016,18,28,30,31,37,,,,,,,,,,,,,4
6/6/2016,18,25,35,41,57,,,,,,,,,,,,,2
6/9/2016,1,4,12,33,41,,,,,,,,,,,,,1
6/13/2016,35,40,51,55,60,,,,,,,,,,,,,2
6/16/2016,3,17,22,57,59,,,,,,,,,,,,,4
6/20/2016,1,12,14,32,60,,,,,,,,,,,,,4
6/23/2016,1,9,36,38,46,,,,,,,,,,,,,1
6/27/2016,2,3,9,27,37,,,,,,,,,,,,,3
6/30/2016,4,9,10,31,34,,,,,,,,,,,,,1
7/4/2016,2,15,17,18,52,,,,,,,,,,,,,1
7/7/2016,4,8,26,41,55,,,,,,,,,,,,,4
7/11/2016,16,20,25,27,43,,,,,,,,,,,,,4
7/14/2016,3,8,11,24,25,,,,,,,,,,,,,1
7/18/2016,13,45,51,58,60,,,,,,,,,,,,,1
7/21/2016,1,4,18,29,32,,,,,,,,,,,,,3
7/25/2016,11,12,23,26,43,,,,,,,,,,,,,3
7/28/2016,13,19,32,36,41,,,,,,,,,,,,,3
8/1/2016,32,34,36,39,46,,,,,,,,,,,,,3
8/4/2016,8,22,41,54,56,,,,,,,,,,,,,1
8/8/2016,4,7,8,12,23,,,,,,,,,,,,,2
8/11/2016,3,34,44,53,55,,,,,,,,,,,,,2
8/15/2016,13,40,48,50,57,,,,,,,,,,,,,3
8/18/2016,7,24,25,56,58,,,,,,,,,,,,,2
8/22/2016,8,12,22,56,58,,,,,,,,,,,,,3
8/25/2016,10,17,24,47,59,,,,,,,,,,,,,3
8/29/2016,5,21,25,31,55,,,,,,,,,,,,,3
9/1/2016,17,45,46,51,53,,,,,,,,,,,,,1
9/5/2016,16,19,40,41,43,,,,,,,,,,,,,1
9/8/2016,3,7,22,37,60,,,,,,,,,,,,,1
9/12/2016,1,32,39,55,58,,,,,,,,,,,,,2
9/15/2016,11,20,54,59,60,,,,,,,,,,,,,3
9/19/2016,19,40,49,54,56,,,,,,,,,,,,,1
9/22/2016,1,3,24,42,59,,,,,,,,,,,,,1
9/26/2016,36,44,50,54,60,,,,,,,,,,,,,1
9/29/2016,13,25,39,51,55,,,,,,,,,,,,,4
10/3/2016,5,48,49,52,58,,,,,,,,,,,,,2
10/6/2016,5,7,9,12,43,,,,,,,,,,,,,3
10/10/2016,11,35,38,45,58,,,,,,,,,,,,,4
10/13/2016,3,19,21,26,43,,,,,,,,,,,,,1
10/17/2016,4,16,35,37,55,,,,,,,,,,,,,4
10/20/2016,6,38,40,48,57,,,,,,,,,,,,,4
10/24/2016,1,2,20,40,55,,,,,,,,,,,,,3
10/27/2016,15,16,19,37,40,,,,,,,,,,,,,2
10/31/2016,17,25,38,41,58,,,,,,,,,,,,,3
11/3/2016,5,10,29,37,59,,,,,,,,,,,,,1
11/7/2016,9,11,20,37,60,,,,,,,,,,,,,4
11/10/2016,6,7,17,20,44,,,,,,,,,,,,,2
11/14/2016,3,10,20,30,43,,,,,,,,,,,,,4
11/17/2016,6,30,32,35,48,,,,,,,,,,,,,2
11/21/2016,8,11,37,41,54,,,,,,,,,,,,,3
11/24/2016,4,24,25,32,46,,,,,,,,,,,,,2
11/28/2016,22,32,42,45,49,,,,,,,,,,,,,2
12/1/2016,17,23,30,49,55,,,,,,,,,,,,,4
12/5/2016,5,6,19,22,45,,,,,,,,,,,,,2
12/8/2016,8,28,29,49,57,,,,,,,,,,,,,1
12/12/2016,14,19,48,53,54,,,,,,,,,,,,,2
12/15/2016,5,7,21,44,57,,,,,,,,,,,,,3
12/19/2016,1,8,16,22,47,,,,,,,,,,,,,2
12/22/2016,14,19,32,38,43,,,,,,,,,,,,,4
12/26/2016,4,12,29,31,36,,,,,,,,,,,,,2
12/29/2016,11,16,19,29,34,,,,,,,,,,,,,4
1/2/2017,26,31,37,38,41,,,,,,,,,,,,,4
1/5/2017,5,18,42,44,46,,,,,,,,,,,,,3
1/9/2017,21,28,31,44,51,,,,,,,,,,,,,1
1/12/2017,6,32,37,50,56,,,,,,,,,,,,,2
1/16/2017,3,15,16,19,26,,,,,,,,,,,,,4
1/19/2017,14,32,37,43,45,,,,,,,,,,,,,2
1/23/2017,16,24,32,44,48,,,,,,,,,,,,,3
1/26/2017,1,14,25,40,59,,,,,,,,,,,,,3
1/30/2017,11,20,31,34,51,,,,,,,,,,,,,2
2/2/2017,13,20,24,37,58,,,,,,,,,,,,,4
2/6/2017,6,24,48,54,59,,,,,,,,,,,,,1
2/9/2017,2,28,37,38,48,,,,,,,,,,,,,4
2/13/2017,17,18,24,25,41,,,,,,,,,,,,,4
2/16/2017,8,12,19,35,42,,,,,,,,,,,,,4
2/20/2017,13,16,23,37,48,,,,,,,,,,,,,1
2/23/2017,3,24,38,43,52,,,,,,,,,,,,,4
2/27/2017,6,19,28,57,60,,,,,,,,,,,,,2
3/2/2017,3,7,11,30,42,,,,,,,,,,,,,3
3/6/2017,1,5,14,22,50,,,,,,,,,,,,,3
3/9/2017,1,8,23,56,58,,,,,,,,,,,,,4
3/13/2017,13,16,17,24,50,,,,,,,,,,,,,4
3/16/2017,13,14,36,48,57,,,,,,,,,,,,,4
3/20/2017,13,22,41,46,56,,,,,,,,,,,,,4
3/23/2017,2,28,30,39,53,,,,,,,,,,,,,1
3/27/2017,32,42,58,59,60,,,,,,,,,,,,,1
3/30/2017,24,38,40,44,49,,,,,,,,,,,,,1
4/3/2017,12,15,28,46,57,,,,,,,,,,,,,4
4/6/2017,4,6,17,48,53,,,,,,,,,,,,,3
4/10/2017,20,22,37,55,56,,,,,,,,,,,,,1
4/13/2017,17,19,49,50,56,,,,,,,,,,,,,1
4/17/2017,5,9,12,33,46,,,,,,,,,,,,,4
4/20/2017,22,23,37,56,60,,,,,,,,,,,,,1
4/24/2017,19,33,35,36,48,,,,,,,,,,,,,4
4/27/2017,2,20,27,29,53,,,,,,,,,,,,,1
5/1/2017,7,19,23,24,40,,,,,,,,,,,,,2
5/4/2017,1,2,17,24,38,,,,,,,,,,,,,2
5/8/2017,22,34,42,46,57,,,,,,,,,,,,,4
5/11/2017,6,20,30,34,36,,,,,,,,,,,,,2
5/15/2017,2,27,28,34,39,,,,,,,,,,,,,3
5/18/2017,4,29,30,55,58,,,,,,,,,,,,,3
5/22/2017,4,6,25,31,47,,,,,,,,,,,,,4
5/25/2017,6,7,13,16,30,,,,,,,,,,,,,2
5/29/2017,18,22,23,25,49,,,,,,,,,,,,,2
6/1/2017,5,9,46,55,58,,,,,,,,,,,,,2
6/5/2017,3,29,32,48,56,,,,,,,,,,,,,3
6/8/2017,24,27,43,50,60,,,,,,,,,,,,,4
6/12/2017,10,11,44,53,57,,,,,,,,,,,,,1
6/15/2017,1,9,17,26,55,,,,,,,,,,,,,2
6/19/2017,2,10,15,33,58,,,,,,,,,,,,,2
6/22/2017,31,40,45,54,57,,,,,,,,,,,,,4
6/26/2017,8,33,39,40,49,,,,,,,,,,,,,2
6/29/2017,7,8,13,18,48,,,,,,,,,,,,,2
7/3/2017,4,28,40,41,48,,,,,,,,,,,,,2
7/6/2017,4,9,39,44,52,,,,,,,,,,,,,4
7/10/2017,13,19,34,38,53,,,,,,,,,,,,,2
7/13/2017,6,17,32,45,59,,,,,,,,,,,,,1
7/17/2017,8,17,27,28,39,,,,,,,,,,,,,3
7/20/2017,26,37,40,42,50,,,,,,,,,,,,,1
7/24/2017,7,20,21,41,59,,,,,,,,,,,,,1
7/27/2017,32,37,38,42,43,,,,,,,,,,,,,1
7/31/2017,7,9,47,54,60,,,,,,,,,,,,,3
8/3/2017,9,12,19,29,34,,,,,,,,,,,,,3
8/7/2017,6,20,25,32,50,,,,,,,,,,,,,2
8/10/2017,4,5,28,33,42,,,,,,,,,,,,,4
8/14/2017,8,20,31,36,39,,,,,,,,,,,,,3
8/17/2017,11,15,21,23,58,,,,,,,,,,,,,2
8/21/2017,7,8,12,35,39,,,,,,,,,,,,,4
8/24/2017,2,4,32,57,60,,,,,,,,,,,,,3
8/28/2017,4,9,20,42,46,,,,,,,,,,,,,3
8/31/2017,30,34,36,56,59,,,,,,,,,,,,,2
9/4/2017,2,11,20,36,46,,,,,,,,,,,,,3
9/7/2017,2,5,7,55,57,,,,,,,,,,,,,4
9/11/2017,26,34,42,48,57,,,,,,,,,,,,,2
9/14/2017,5,12,13,41,44,,,,,,,,,,,,,1
9/18/2017,4,21,26,35,42,,,,,,,,,,,,,1
9/21/2017,4,16,18,32,47,,,,,,,,,,,,,1
9/25/2017,7,26,53,55,56,,,,,,,,,,,,,3
9/28/2017,16,31,34,50,60,,,,,,,,,,,,,3
10/2/2017,10,35,38,48,57,,,,,,,,,,,,,2
10/5/2017,12,14,31,38,41,,,,,,,,,,,,,1
10/9/2017,18,20,38,42,44,,,,,,,,,,,,,1
10/12/2017,12,33,41,45,60,,,,,,,,,,,,,4
10/16/2017,3,11,32,49,55,,,,,,,,,,,,,2
10/19/2017,15,16,39,41,46,,,,,,,,,,,,,2
10/23/2017,16,31,34,41,57,,,,,,,,,,,,,1
10/26/2017,3,12,17,27,55,,,,,,,,,,,,,3
10/30/2017,6,22,23,36,42,,,,,,,,,,,,,3
11/2/2017,14,43,55,57,60,,,,,,,,,,,,,1
11/6/2017,4,10,22,24,42,,,,,,,,,,,,,2
11/9/2017,3,12,30,39,60,,,,,,,,,,,,,3
11/13/2017,9,17,21,29,58,,,,,,,,,,,,,1
11/16/2017,15,16,19,42,52,,,,,,,,,,,,,4
11/20/2017,3,4,22,38,59,,,,,,,,,,,,,1
11/23/2017,4,33,56,58,59,,,,,,,,,,,,,4
11/27/2017,25,27,42,50,57,,,,,,,,,,,,,1
11/30/2017,2,5,18,23,59,,,,,,,,,,,,,2
12/4/2017,16,17,46,51,52,,,,,,,,,,,,,2
12/7/2017,2,5,39,54,56,,,,,,,,,,,,,4
12/11/2017,2,16,30,40,53,,,,,,,,,,,,,4
12/14/2017,7,24,32,44,52,,,,,,,,,,,,,1
12/18/2017,8,9,12,21,45,,,,,,,,,,,,,3
12/21/2017,1,9,25,37,60,,,,,,,,,,,,,1
12/25/2017,2,18,34,42,57,,,,,,,,,,,,,3
12/28/2017,9,14,24,41,46,,,,,,,,,,,,,1
1/1/2018,12,18,20,31,38,,,,,,,,,,,,,3
1/4/2018,12,22,42,43,53,,,,,,,,,,,,,1
1/8/2018,3,11,44,47,58,,,,,,,,,,,,,4
1/11/2018,18,22,23,41,53,,,,,,,,,,,,,1
1/15/2018,12,25,31,33,58,,,,,,,,,,,,,2
1/18/2018,26,36,42,58,60,,,,,,,,,,,,,3
1/22/2018,1,5,10,28,57,,,,,,,,,,,,,3
1/25/2018,1,6,24,41,44,,,,,,,,,,,,,3
1/29/2018,6,11,14,16,52,,,,,,,,,,,,,3
2/1/2018,10,20,21,25,52,,,,,,,,,,,,,3
2/5/2018,30,36,39,55,60,,,,,,,,,,,,,1
2/8/2018,9,37,47,51,55,,,,,,,,,,,,,3
2/12/2018,1,5,17,21,33,,,,,,,,,,,,,3
2/15/2018,1,43,44,53,54,,,,,,,,,,,,,2
2/19/2018,10,16,23,31,53,,,,,,,,,,,,,2
2/22/2018,26,28,38,47,51,,,,,,,,,,,,,4
2/26/2018,29,31,40,45,59,,,,,,,,,,,,,1
3/1/2018,5,6,7,12,36,,,,,,,,,,,,,1
3/5/2018,1,47,52,54,58,,,,,,,,,,,,,4
3/8/2018,6,34,36,44,55,,,,,,,,,,,,,1
3/12/2018,5,29,35,36,49,,,,,,,,,,,,,3
3/15/2018,11,12,31,49,59,,,,,,,,,,,,,1
3/19/2018,3,26,30,51,53,,,,,,,,,,,,,3
3/22/2018,2,8,15,40,41,,,,,,,,,,,,,4
3/26/2018,2,9,23,47,54,,,,,,,,,,,,,2
3/29/2018,34,35,36,46,58,,,,,,,,,,,,,1
4/2/2018,7,12,21,24,40,,,,,,,,,,,,,4
4/5/2018,3,10,21,24,59,,,,,,,,,,,,,1
4/9/2018,10,19,29,45,48,,,,,,,,,,,,,2
4/12/2018,2,6,14,22,40,,,,,,,,,,,,,1
4/16/2018,8,11,15,26,50,,,,,,,,,,,,,1
4/19/2018,4,15,28,35,42,,,,,,,,,,,,,3
4/23/2018,16,21,22,47,52,,,,,,,,,,,,,1
4/26/2018,7,32,33,36,59,,,,,,,,,,,,,2
4/30/2018,2,11,14,45,49,,,,,,,,,,,,,2
5/3/2018,2,7,11,30,59,,,,,,,,,,,,,2
5/7/2018,4,15,19,22,51,,,,,,,,,,,,,2
5/10/2018,11,36,41,43,48,,,,,,,,,,,,,1
5/14/2018,1,4,6,13,32,,,,,,,,,,,,,3
5/17/2018,8,40,41,43,51,,,,,,,,,,,,,2
5/21/2018,8,18,22,37,44,,,,,,,,,,,,,2
5/24/2018,5,13,35,49,56,,,,,,,,,,,,,1
5/28/2018,13,29,31,34,47,,,,,,,,,,,,,1
5/31/2018,1,28,42,47,55,,,,,,,,,,,,,2
6/4/2018,4,13,30,38,53,,,,,,,,,,,,,4
6/7/2018,17,22,38,42,45,,,,,,,,,,,,,3
6/11/2018,14,32,33,43,55,,,,,,,,,,,,,2
6/14/2018,12,14,24,27,55,,,,,,,,,,,,,2
6/18/2018,4,27,28,40,59,,,,,,,,,,,,,4
6/21/2018,3,13,16,17,24,,,,,,,,,,,,,1
6/25/2018,12,33,37,55,58,,,,,,,,,,,,,4
7/2/2018,4,13,24,53,59,,,,,,,,,,,,,2
7/5/2018,16,21,28,31,44,,,,,,,,,,,,,4
7/9/2018,9,12,16,20,60,,,,,,,,,,,,,3
7/12/2018,1,20,28,48,56,,,,,,,,,,,,,4
7/16/2018,17,18,45,46,55,,,,,,,,,,,,,1
7/19/2018,9,12,20,38,52,,,,,,,,,,,,,2
7/23/2018,4,13,25,27,58,,,,,,,,,,,,,3
7/26/2018,2,20,33,38,45,,,,,,,,,,,,,2
7/30/2018,21,45,48,51,58,,,,,,,,,,,,,1
8/2/2018,1,10,14,29,30,,,,,,,,,,,,,3
8/6/2018,13,50,53,58,60,,,,,,,,,,,,,2
8/9/2018,1,24,26,48,60,,,,,,,,,,,,,4
8/13/2018,7,9,17,39,58,,,,,,,,,,,,,1
8/16/2018,9,25,28,29,48,,,,,,,,,,,,,2
8/20/2018,6,23,27,45,54,,,,,,,,,,,,,1
8/23/2018,5,23,26,31,51,,,,,,,,,,,,,4
8/27/2018,18,22,30,35,53,,,,,,,,,,,,,2
8/30/2018,5,45,50,52,53,,,,,,,,,,,,,2
9/3/2018,19,22,24,31,37,,,,,,,,,,,,,1
9/6/2018,6,11,13,32,38,,,,,,,,,,,,,4
9/10/2018,8,13,19,41,42,,,,,,,,,,,,,2
9/13/2018,21,26,42,51,59,,,,,,,,,,,,,1
9/17/2018,12,13,26,43,54,,,,,,,,,,,,,4
9/20/2018,26,32,47,49,51,,,,,,,,,,,,,2
9/24/2018,7,19,22,37,49,,,,,,,,,,,,,4
9/27/2018,21,25,34,38,42,,,,,,,,,,,,,1
10/1/2018,2,21,31,36,52,,,,,,,,,,,,,4
10/4/2018,6,8,26,34,42,,,,,,,,,,,,,4
10/8/2018,11,26,30,41,45,,,,,,,,,,,,,2
10/11/2018,21,27,46,51,53,,,,,,,,,,,,,3
10/15/2018,21,23,31,55,57,,,,,,,,,,,,,1
10/18/2018,7,8,16,20,44,,,,,,,,,,,,,4
10/22/2018,1,11,19,24,46,,,,,,,,,,,,,1
10/25/2018,27,33,34,42,43,,,,,,,,,,,,,2
10/29/2018,7,23,25,35,38,,,,,,,,,,,,,1
11/1/2018,3,11,32,51,56,,,,,,,,,,,,,3
11/5/2018,19,39,40,47,60,,,,,,,,,,,,,3
11/8/2018,31,35,42,44,52,,,,,,,,,,,,,3
11/12/2018,4,15,44,51,52,,,,,,,,,,,,,3
11/15/2018,15,24,36,37,41,,,,,,,,,,,,,4
11/19/2018,14,16,28,46,49,,,,,,,,,,,,,3
11/22/2018,18,24,41,43,55,,,,,,,,,,,,,4
11/26/2018,18,32,35,52,58,,,,,,,,,,,,,1
11/29/2018,29,41,48,52,57,,,,,,,,,,,,,2
12/3/2018,5,30,40,58,60,,,,,,,,,,,,,4
12/6/2018,28,32,35,42,48,,,,,,,,,,,,,4
12/10/2018,11,28,41,47,53,,,,,,,,,,,,,2
12/13/2018,4,11,18,23,47,,,,,,,,,,,,,1
12/17/2018,9,19,21,44,50,,,,,,,,,,,,,1
12/20/2018,4,29,30,40,47,,,,,,,,,,,,,2
12/24/2018,3,28,31,37,40,,,,,,,,,,,,,2
12/27/2018,1,7,36,50,52,,,,,,,,,,,,,3
12/31/2018,18,28,39,46,54,,,,,,,,,,,,,2
1/3/2019,5,9,25,33,55,,,,,,,,,,,,,2
1/7/2019,20,27,34,57,59,,,,,,,,,,,,,4
1/10/2019,5,44,45,47,54,,,,,,,,,,,,,3
1/14/2019,17,18,42,50,57,,,,,,,,,,,,,3
1/17/2019,1,22,23,29,52,,,,,,,,,,,,,4
1/21/2019,4,8,27,28,32,,,,,,,,,,,,,3
1/24/2019,13,34,36,49,55,,,,,,,,,,,,,2
1/28/2019,22,24,26,42,51,,,,,,,,,,,,,4
1/31/2019,14,16,26,39,56,,,,,,,,,,,,,3
2/4/2019,3,17,33,39,40,,,,,,,,,,,,,3
2/7/2019,20,28,50,51,60,,,,,,,,,,,,,1
2/11/2019,1,2,39,50,60,,,,,,,,,,,,,2
2/14/2019,7,10,21,33,48,,,,,,,,,,,,,1
2/18/2019,1,37,39,48,54,,,,,,,,,,,,,4
2/21/2019,3,4,34,38,39,,,,,,,,,,,,,3
2/25/2019,18,24,42,55,58,,,,,,,,,,,,,3
2/28/2019,3,15,18,21,35,,,,,,,,,,,,,3
3/4/2019,6,9,45,49,55,,,,,,,,,,,,,1
3/7/2019,7,14,20,38,58,,,,,,,,,,,,,3
3/11/2019,12,17,18,38,46,,,,,,,,,,,,,2
3/14/2019,11,13,32,51,55,,,,,,,,,,,,,1
3/18/2019,11,26,39,49,50,,,,,,,,,,,,,2
3/21/2019,15,21,27,31,52,,,,,,,,,,,,,2
3/25/2019,17,25,33,47,51,,,,,,,,,,,,,1
3/28/2019,4,6,21,37,58,,,,,,,,,,,,,2
4/1/2019,2,37,43,48,51,,,,,,,,,,,,,1
4/4/2019,3,6,8,9,35,,,,,,,,,,,,,1
4/8/2019,3,11,23,34,36,,,,,,,,,,,,,1
4/11/2019,6,9,34,37,43,,,,,,,,,,,,,1
4/15/2019,3,13,19,36,50,,,,,,,,,,,,,1
4/18/2019,22,30,33,49,55,,,,,,,,,,,,,3
4/22/2019,17,20,24,33,57,,,,,,,,,,,,,4
4/25/2019,37,47,52,55,60,,,,,,,,,,,,,3
4/29/2019,1,21,24,30,35,,,,,,,,,,,,,3
5/2/2019,6,10,16,36,45,,,,,,,,,,,,,3
5/6/2019,32,34,47,48,51,,,,,,,,,,,,,2
5/9/2019,12,22,27,43,46,,,,,,,,,,,,,3
5/13/2019,27,29,39,42,50,,,,,,,,,,,,,2
5/16/2019,1,36,45,53,56,,,,,,,,,,,,,1
5/20/2019,4,11,14,20,24,,,,,,,,,,,,,4
5/23/2019,34,38,40,41,49,,,,,,,,,,,,,2
5/27/2019,22,24,33,36,51,,,,,,,,,,,,,4
5/30/2019,2,23,40,51,59,,,,,,,,,,,,,4
6/3/2019,17,25,45,53,59,,,,,,,,,,,,,1
6/6/2019,6,16,27,41,58,,,,,,,,,,,,,4
6/10/2019,25,28,38,40,48,,,,,,,,,,,,,2
6/13/2019,13,27,32,35,40,,,,,,,,,,,,,3
6/17/2019,31,36,45,46,59,,,,,,,,,,,,,2
6/20/2019,34,43,45,56,57,,,,,,,,,,,,,3
6/24/2019,7,10,18,21,28,,,,,,,,,,,,,4
6/27/2019,11,14,17,28,39,,,,,,,,,,,,,1
7/1/2019,8,32,34,45,51,,,,,,,,,,,,,2
7/2/2019,5,10,41,53,54,,,,,,,,,,,,,4
7/3/2019,6,8,51,55,57,,,,,,,,,,,,,4
7/4/2019,2,9,18,25,51,,,,,,,,,,,,,3
7/5/2019,15,39,40,43,53,,,,,,,,,,,,,4
7/6/2019,1,5,28,32,53,,,,,,,,,,,,,1
7/7/2019,4,24,34,39,55,,,,,,,,,,,,,2
7/8/2019,7,15,19,45,55,,,,,,,,,,,,,4
7/9/2019,8,10,18,24,48,,,,,,,,,,,,,3
7/10/2019,9,20,34,58,60,,,,,,,,,,,,,2
7/11/2019,4,29,40,47,48,,,,,,,,,,,,,4
7/12/2019,7,31,38,51,59,,,,,,,,,,,,,3
7/13/2019,2,5,16,30,59,,,,,,,,,,,,,3
7/14/2019,12,18,20,30,44,,,,,,,,,,,,,2
7/15/2019,7,25,33,38,47,,,,,,,,,,,,,4
7/16/2019,14,15,19,25,29,,,,,,,,,,,,,4
7/17/2019,9,18,35,59,60,,,,,,,,,,,,,3
7/18/2019,23,25,27,31,40,,,,,,,,,,,,,3
7/19/2019,11,22,34,51,59,,,,,,,,,,,,,4
7/20/2019,4,24,39,58,59,,,,,,,,,,,,,2
7/21/2019,5,13,25,50,58,,,,,,,,,,,,,4
7/22/2019,5,21,28,56,58,,,,,,,,,,,,,2
7/23/2019,24,46,50,55,60,,,,,,,,,,,,,1
7/24/2019,9,19,28,54,60,,,,,,,,,,,,,1
7/25/2019,13,25,35,37,57,,,,,,,,,,,,,4
7/26/2019,3,20,29,40,57,,,,,,,,,,,,,2
7/27/2019,4,6,21,26,52,,,,,,,,,,,,,1
7/28/2019,10,11,38,50,54,,,,,,,,,,,,,1
7/29/2019,5,13,30,31,45,,,,,,,,,,,,,3
7/30/2019,6,10,19,26,42,,,,,,,,,,,,,2
7/31/2019,39,41,42,44,47,,,,,,,,,,,,,1
8/1/2019,4,15,32,58,60,,,,,,,,,,,,,3
8/2/2019,7,27,54,57,58,,,,,,,,,,,,,3
8/3/2019,1,6,19,47,55,,,,,,,,,,,,,3
8/4/2019,1,15,17,43,49,,,,,,,,,,,,,3
8/5/2019,9,19,24,34,56,,,,,,,,,,,,,4
8/6/2019,20,26,29,34,60,,,,,,,,,,,,,1
8/7/2019,4,13,44,50,59,,,,,,,,,,,,,4
8/8/2019,4,20,37,40,44,,,,,,,,,,,,,1
8/9/2019,2,10,35,42,56,,,,,,,,,,,,,1
8/10/2019,1,7,16,23,35,,,,,,,,,,,,,2
8/11/2019,1,15,22,25,37,,,,,,,,,,,,,2
8/12/2019,7,15,31,50,57,,,,,,,,,,,,,1
8/13/2019,3,14,17,41,56,,,,,,,,,,,,,3
8/14/2019,7,38,45,47,57,,,,,,,,,,,,,2
8/15/2019,9,16,19,37,52,,,,,,,,,,,,,1
8/16/2019,24,28,35,38,56,,,,,,,,,,,,,3
8/17/2019,5,8,9,14,25,,,,,,,,,,,,,4
8/18/2019,21,23,35,44,46,,,,,,,,,,,,,2
8/19/2019,1,15,31,43,56,,,,,,,,,,,,,4
8/20/2019,3,14,17,23,54,,,,,,,,,,,,,3
8/21/2019,5,31,35,43,50,,,,,,,,,,,,,1
8/22/2019,11,32,37,39,54,,,,,,,,,,,,,1
8/23/2019,18,34,37,45,55,,,,,,,,,,,,,3
8/24/2019,5,27,40,43,50,,,,,,,,,,,,,1
8/25/2019,13,16,31,34,50,,,,,,,,,,,,,4
8/26/2019,19,23,34,47,49,,,,,,,,,,,,,4
8/27/2019,17,22,47,55,60,,,,,,,,,,,,,1
8/28/2019,24,27,33,47,49,,,,,,,,,,,,,3
8/29/2019,8,9,15,46,48,,,,,,,,,,,,,3
8/30/2019,17,21,35,43,50,,,,,,,,,,,,,3
8/31/2019,1,26,41,45,59,,,,,,,,,,,,,3
9/1/2019,8,13,17,48,57,,,,,,,,,,,,,4
9/2/2019,6,9,22,46,48,,,,,,,,,,,,,1
9/3/2019,5,16,20,29,45,,,,,,,,,,,,,2
9/4/2019,8,18,19,34,36,,,,,,,,,,,,,3
9/5/2019,9,25,32,36,60,,,,,,,,,,,,,4
9/6/2019,6,18,24,25,51,,,,,,,,,,,,,3
9/7/2019,13,24,26,34,56,,,,,,,,,,,,,3
9/8/2019,5,10,34,41,47,,,,,,,,,,,,,1
9/9/2019,12,18,19,33,39,,,,,,,,,,,,,1
9/10/2019,11,14,35,43,53,,,,,,,,,,,,,3
9/11/2019,3,7,19,31,38,,,,,,,,,,,,,3
9/12/2019,10,15,35,42,54,,,,,,,,,,,,,4
9/13/2019,3,28,32,49,56,,,,,,,,,,,,,3
9/14/2019,2,18,39,45,60,,,,,,,,,,,,,3
9/15/2019,20,34,42,46,48,,,,,,,,,,,,,4
9/16/2019,2,7,10,32,53,,,,,,,,,,,,,3
9/17/2019,3,9,14,48,57,,,,,,,,,,,,,3
9/18/2019,9,13,29,39,46,,,,,,,,,,,,,4
9/19/2019,8,11,15,22,29,,,,,,,,,,,,,2
9/20/2019,3,23,28,31,32,,,,,,,,,,,,,1
9/21/2019,13,21,23,26,48,,,,,,,,,,,,,2
9/22/2019,17,22,23,30,59,,,,,,,,,,,,,3
9/23/2019,29,36,37,40,49,,,,,,,,,,,,,1
9/24/2019,11,25,32,35,41,,,,,,,,,,,,,4
9/25/2019,6,34,36,48,55,,,,,,,,,,,,,2
9/26/2019,1,5,48,50,51,,,,,,,,,,,,,4
9/27/2019,20,26,38,40,60,,,,,,,,,,,,,1
9/28/2019,18,20,42,51,58,,,,,,,,,,,,,4
9/29/2019,28,41,48,51,57,,,,,,,,,,,,,2
9/30/2019,2,3,9,38,54,,,,,,,,,,,,,3
10/1/2019,8,12,51,58,60,,,,,,,,,,,,,1
10/2/2019,27,42,43,50,54,,,,,,,,,,,,,2
10/3/2019,1,25,53,56,58,,,,,,,,,,,,,4
10/4/2019,2,8,23,34,54,,,,,,,,,,,,,3
10/5/2019,1,5,20,21,57,,,,,,,,,,,,,1
10/6/2019,36,48,54,56,57,,,,,,,,,,,,,3
10/7/2019,15,16,33,34,49,,,,,,,,,,,,,1
10/8/2019,13,56,57,58,59,,,,,,,,,,,,,2
10/9/2019,4,14,30,44,45,,,,,,,,,,,,,1
10/10/2019,15,20,26,46,50,,,,,,,,,,,,,1
10/11/2019,17,33,37,51,56,,,,,,,,,,,,,4
10/12/2019,11,24,47,53,58,,,,,,,,,,,,,3
10/13/2019,2,34,47,51,58,,,,,,,,,,,,,4
10/14/2019,3,4,29,40,60,,,,,,,,,,,,,1
10/15/2019,4,12,42,49,58,,,,,,,,,,,,,3
10/16/2019,10,20,30,32,50,,,,,,,,,,,,,1
10/17/2019,3,4,41,55,60,,,,,,,,,,,,,2
10/18/2019,7,22,23,30,43,,,,,,,,,,,,,4
10/19/2019,13,29,43,44,50,,,,,,,,,,,,,3
10/20/2019,12,22,26,35,60,,,,,,,,,,,,,2
10/21/2019,28,32,36,43,46,,,,,,,,,,,,,1
10/22/2019,10,14,25,36,52,,,,,,,,,,,,,1
10/23/2019,9,16,17,30,44,,,,,,,,,,,,,2
10/24/2019,7,11,31,47,49,,,,,,,,,,,,,1
10/25/2019,1,23,40,58,60,,,,,,,,,,,,,2
10/26/2019,2,7,11,39,53,,,,,,,,,,,,,3
10/27/2019,1,5,10,30,54,,,,,,,,,,,,,2
10/28/2019,6,14,30,51,57,,,,,,,,,,,,,4
10/29/2019,23,31,45,48,58,,,,,,,,,,,,,4
10/30/2019,1,3,15,26,53,,,,,,,,,,,,,2
10/31/2019,18,25,28,41,47,,,,,,,,,,,,,3
11/1/2019,12,15,16,38,57,,,,,,,,,,,,,4
11/2/2019,12,14,16,17,28,,,,,,,,,,,,,3
11/3/2019,5,13,14,16,45,,,,,,,,,,,,,2
11/4/2019,4,13,48,49,53,,,,,,,,,,,,,3
11/5/2019,10,26,43,47,56,,,,,,,,,,,,,1
11/6/2019,1,7,21,36,47,,,,,,,,,,,,,2
11/7/2019,6,17,32,45,47,,,,,,,,,,,,,4
11/8/2019,11,21,31,52,57,,,,,,,,,,,,,4
11/9/2019,12,15,33,34,44,,,,,,,,,,,,,3
11/10/2019,11,18,30,32,44,,,,,,,,,,,,,3
11/11/2019,7,14,27,28,39,,,,,,,,,,,,,1
11/12/2019,4,11,14,15,60,,,,,,,,,,,,,2
11/13/2019,1,36,40,54,55,,,,,,,,,,,,,3
11/14/2019,6,29,33,44,56,,,,,,,,,,,,,3
11/15/2019,12,21,28,46,56,,,,,,,,,,,,,2
11/16/2019,2,9,15,45,57,,,,,,,,,,,,,3
11/17/2019,1,2,26,47,56,,,,,,,,,,,,,1
11/18/2019,25,34,35,46,59,,,,,,,,,,,,,4
11/19/2019,10,14,40,46,49,,,,,,,,,,,,,2
11/20/2019,17,21,31,49,51,,,,,,,,,,,,,4
11/21/2019,1,25,35,42,51,,,,,,,,,,,,,2
11/22/2019,13,14,27,47,48,,,,,,,,,,,,,2
11/23/2019,14,15,22,35,41,,,,,,,,,,,,,3
11/24/2019,6,7,11,14,36,,,,,,,,,,,,,2
11/25/2019,26,30,40,53,54,,,,,,,,,,,,,1
11/26/2019,1,4,16,30,40,,,,,,,,,,,,,1
11/27/2019,7,9,15,16,43,,,,,,,,,,,,,4
11/28/2019,19,26,48,51,53,,,,,,,,,,,,,4
11/29/2019,14,18,42,43,51,,,,,,,,,,,,,1
11/30/2019,13,16,34,46,55,,,,,,,,,,,,,3
12/1/2019,8,10,36,45,60,,,,,,,,,,,,,3
12/2/2019,15,20,36,44,46,,,,,,,,,,,,,3
12/3/2019,6,13,15,22,51,,,,,,,,,,,,,2
12/4/2019,23,44,46,49,56,,,,,,,,,,,,,1
12/5/2019,3,15,42,45,50,,,,,,,,,,,,,3
12/6/2019,3,11,18,23,49,,,,,,,,,,,,,4
12/7/2019,2,27,48,55,60,,,,,,,,,,,,,1
12/8/2019,17,18,21,44,50,,,,,,,,,,,,,2
12/9/2019,1,30,42,47,52,,,,,,,,,,,,,4
12/10/2019,21,32,36,39,53,,,,,,,,,,,,,2
12/11/2019,3,8,11,30,48,,,,,,,,,,,,,4
12/12/2019,6,21,49,53,55,,,,,,,,,,,,,3
12/13/2019,27,40,45,46,60,,,,,,,,,,,,,1
12/14/2019,2,11,25,40,44,,,,,,,,,,,,,4
12/15/2019,3,10,16,35,38,,,,,,,,,,,,,4
12/16/2019,26,30,35,36,58,,,,,,,,,,,,,2
12/17/2019,14,16,17,24,43,,,,,,,,,,,,,1
12/18/2019,22,43,49,50,57,,,,,,,,,,,,,2
12/19/2019,6,15,35,44,59,,,,,,,,,,,,,1
12/20/2019,9,27,40,48,58,,,,,,,,,,,,,4
12/21/2019,5,15,24,30,59,,,,,,,,,,,,,2
12/22/2019,32,36,38,42,54,,,,,,,,,,,,,3
12/23/2019,1,9,40,53,58,,,,,,,,,,,,,2
12/24/2019,6,8,16,23,57,,,,,,,,,,,,,4
12/25/2019,5,7,15,24,37,,,,,,,,,,,,,2
12/26/2019,2,11,29,44,59,,,,,,,,,,,,,4
12/27/2019,2,8,35,41,47,,,,,,,,,,,,,3
12/28/2019,17,33,42,43,55,,,,,,,,,,,,,4
12/29/2019,1,19,20,25,36,,,,,,,,,,,,,4
12/30/2019,8,32,39,58,60,,,,,,,,,,,,,3
12/31/2019,10,22,26,28,39,,,,,,,,,,,,,3
1/1/2020,2,17,26,44,46,,,,,,,,,,,,,4
1/2/2020,7,30,39,44,48,,,,,,,,,,,,,2
1/3/2020,36,40,53,55,56,,,,,,,,,,,,,1
1/4/2020,4,7,19,26,47,,,,,,,,,,,,,3
1/5/2020,41,43,45,59,60,,,,,,,,,,,,,2
1/6/2020,22,32,33,35,43,,,,,,,,,,,,,2
1/7/2020,11,13,28,58,59,,,,,,,,,,,,,2
1/8/2020,3,13,32,41,42,,,,,,,,,,,,,4
1/9/2020,7,17,42,50,51,,,,,,,,,,,,,2
1/10/2020,1,3,26,27,44,,,,,,,,,,,,,4
1/11/2020,17,20,23,46,57,,,,,,,,,,,,,1
1/12/2020,18,23,25,49,51,,,,,,,,,,,,,2
1/13/2020,7,8,16,20,35,,,,,,,,,,,,,3
1/14/2020,16,21,28,45,51,,,,,,,,,,,,,4
1/15/2020,14,16,18,25,46,,,,,,,,,,,,,4
1/16/2020,1,9,25,38,57,,,,,,,,,,,,,4
1/17/2020,14,32,37,43,56,,,,,,,,,,,,,2
1/18/2020,17,28,36,40,60,,,,,,,,,,,,,4
1/19/2020,19,32,38,51,57,,,,,,,,,,,,,4
1/20/2020,4,23,54,56,57,,,,,,,,,,,,,2
1/21/2020,8,15,16,41,55,,,,,,,,,,,,,2
1/22/2020,2,28,29,45,46,,,,,,,,,,,,,4
1/23/2020,14,21,24,49,60,,,,,,,,,,,,,4
1/24/2020,5,13,19,41,57,,,,,,,,,,,,,2
1/25/2020,18,21,37,49,57,,,,,,,,,,,,,4
1/26/2020,23,44,48,50,60,,,,,,,,,,,,,4
1/27/2020,2,19,26,36,55,,,,,,,,,,,,,1
1/28/2020,4,9,18,20,56,,,,,,,,,,,,,3
1/29/2020,19,27,40,41,58,,,,,,,,,,,,,4
1/30/2020,6,11,41,49,58,,,,,,,,,,,,,4
1/31/2020,20,22,40,50,53,,,,,,,,,,,,,1
2/1/2020,1,12,22,33,42,,,,,,,,,,,,,3
2/2/2020,19,22,29,36,60,,,,,,,,,,,,,1
2/3/2020,8,30,37,58,59,,,,,,,,,,,,,2
2/4/2020,8,18,20,22,28,,,,,,,,,,,,,1
2/5/2020,3,15,27,52,54,,,,,,,,,,,,,2
2/6/2020,4,5,8,25,47,,,,,,,,,,,,,3
2/7/2020,10,15,21,49,50,,,,,,,,,,,,,1
2/8/2020,22,23,41,55,58,,,,,,,,,,,,,4
2/9/2020,4,15,27,45,54,,,,,,,,,,,,,3
2/10/2020,5,7,21,22,41,,,,,,,,,,,,,1
2/11/2020,11,22,32,34,48,,,,,,,,,,,,,1
2/12/2020,2,9,13,44,60,,,,,,,,,,,,,1
2/13/2020,1,11,27,45,47,,,,,,,,,,,,,3
2/14/2020,20,42,46,57,59,,,,,,,,,,,,,1
2/15/2020,14,30,37,39,47,,,,,,,,,,,,,1
2/16/2020,7,8,10,33,49,,,,,,,,,,,,,4
2/17/2020,16,31,35,36,37,,,,,,,,,,,,,1
2/18/2020,3,13,16,34,45,,,,,,,,,,,,,3
2/19/2020,4,11,13,14,54,,,,,,,,,,,,,1
2/20/2020,3,9,25,46,49,,,,,,,,,,,,,1
2/21/2020,28,49,56,58,59,,,,,,,,,,,,,4
2/22/2020,15,17,20,33,34,,,,,,,,,,,,,4
2/23/2020,5,26,32,46,50,,,,,,,,,,,,,1
2/24/2020,4,25,39,44,60,,,,,,,,,,,,,1
2/25/2020,1,31,34,38,47,,,,,,,,,,,,,4
2/26/2020,17,21,32,36,52,,,,,,,,,,,,,1
2/27/2020,4,9,19,31,52,,,,,,,,,,,,,4
2/28/2020,10,24,27,59,60,,,,,,,,,,,,,1
2/29/2020,27,31,40,52,53,,,,,,,,,,,,,4
3/1/2020,5,16,18,42,43,,,,,,,,,,,,,3
3/2/2020,7,26,35,39,50,,,,,,,,,,,,,2
3/3/2020,6,15,25,48,59,,,,,,,,,,,,,4
3/4/2020,8,12,17,21,34,,,,,,,,,,,,,4
3/5/2020,2,22,32,45,59,,,,,,,,,,,,,4
3/6/2020,9,27,38,41,53,,,,,,,,,,,,,3
3/7/2020,18,23,40,41,44,,,,,,,,,,,,,4
3/8/2020,12,28,34,47,49,,,,,,,,,,,,,1
3/9/2020,3,4,13,23,47,,,,,,,,,,,,,2
3/10/2020,4,8,40,42,50,,,,,,,,,,,,,1
3/11/2020,8,25,35,54,58,,,,,,,,,,,,,2
3/12/2020,18,26,36,37,38,,,,,,,,,,,,,2
3/13/2020,7,17,22,24,31,,,,,,,,,,,,,4
3/14/2020,10,12,17,43,50,,,,,,,,,,,,,2
3/15/2020,21,24,34,39,46,,,,,,,,,,,,,3
3/16/2020,10,22,34,50,55,,,,,,,,,,,,,3
3/17/2020,1,23,30,45,53,,,,,,,,,,,,,3
3/18/2020,5,14,18,23,51,,,,,,,,,,,,,3
3/19/2020,8,14,19,44,45,,,,,,,,,,,,,2
3/20/2020,13,14,16,24,30,,,,,,,,,,,,,3
3/21/2020,14,20,50,56,57,,,,,,,,,,,,,1
3/22/2020,1,34,41,43,53,,,,,,,,,,,,,4
3/23/2020,44,47,52,53,55,,,,,,,,,,,,,1
3/24/2020,6,15,18,25,49,,,,,,,,,,,,,2
3/25/2020,5,24,26,40,52,,,,,,,,,,,,,1
3/26/2020,1,41,42,47,58,,,,,,,,,,,,,3
3/27/2020,3,8,9,24,39,,,,,,,,,,,,,4
3/28/2020,21,26,35,58,59,,,,,,,,,,,,,4
3/29/2020,3,29,38,45,53,,,,,,,,,,,,,1
3/30/2020,2,7,28,30,52,,,,,,,,,,,,,4
3/31/2020,18,25,31,45,58,,,,,,,,,,,,,4
4/1/2020,5,14,18,27,46,,,,,,,,,,,,,2
4/2/2020,10,17,22,24,44,,,,,,,,,,,,,2
4/3/2020,29,32,42,51,57,,,,,,,,,,,,,3
4/4/2020,1,14,16,41,52,,,,,,,,,,,,,1
4/5/2020,24,40,49,54,57,,,,,,,,,,,,,2
4/6/2020,4,25,37,56,57,,,,,,,,,,,,,1
4/7/2020,20,37,38,49,55,,,,,,,,,,,,,4
4/8/2020,2,21,22,28,46,,,,,,,,,,,,,4
4/9/2020,5,10,11,52,59,,,,,,,,,,,,,1
4/10/2020,11,27,45,46,50,,,,,,,,,,,,,1
4/11/2020,1,19,41,42,47,,,,,,,,,,,,,1
4/12/2020,4,21,23,29,59,,,,,,,,,,,,,2
4/13/2020,8,21,54,56,59,,,,,,,,,,,,,3
4/14/2020,29,30,31,53,54,,,,,,,,,,,,,1
4/15/2020,14,26,33,42,60,,,,,,,,,,,,,4
4/16/2020,6,12,18,20,22,,,,,,,,,,,,,1
4/17/2020,7,30,39,55,56,,,,,,,,,,,,,3
4/18/2020,20,28,37,41,44,,,,,,,,,,,,,3
4/19/2020,4,8,24,50,56,,,,,,,,,,,,,4
4/20/2020,11,17,20,22,52,,,,,,,,,,,,,2
4/21/2020,8,14,43,51,59,,,,,,,,,,,,,3
4/22/2020,2,6,10,37,42,,,,,,,,,,,,,1
4/23/2020,15,22,32,35,56,,,,,,,,,,,,,1
4/24/2020,23,29,38,39,58,,,,,,,,,,,,,3
4/25/2020,27,30,35,38,43,,,,,,,,,,,,,3
4/26/2020,4,24,26,27,32,,,,,,,,,,,,,3
4/27/2020,1,42,43,57,60,,,,,,,,,,,,,1
4/28/2020,18,21,36,41,48,,,,,,,,,,,,,1
4/29/2020,3,6,13,22,57,,,,,,,,,,,,,1
4/30/2020,8,17,19,28,44,,,,,,,,,,,,,4
5/1/2020,21,34,40,49,50,,,,,,,,,,,,,3
5/2/2020,8,18,43,52,59,,,,,,,,,,,,,3
5/3/2020,19,21,22,35,48,,,,,,,,,,,,,3
5/4/2020,4,11,30,31,46,,,,,,,,,,,,,1
5/5/2020,11,32,34,52,60,,,,,,,,,,,,,2
5/6/2020,9,17,21,25,34,,,,,,,,,,,,,4
5/7/2020,28,31,40,52,54,,,,,,,,,,,,,2
5/8/2020,12,20,30,34,47,,,,,,,,,,,,,2
5/9/2020,23,38,42,54,60,,,,,,,,,,,,,4
5/10/2020,1,6,15,17,36,,,,,,,,,,,,,2
5/11/2020,29,31,39,48,57,,,,,,,,,,,,,4
5/12/2020,13,14,16,23,60,,,,,,,,,,,,,2
5/13/2020,1,18,21,43,50,,,,,,,,,,,,,4
5/14/2020,10,34,53,55,59,,,,,,,,,,,,,2
5/15/2020,2,7,23,26,51,,,,,,,,,,,,,4
5/16/2020,5,10,17,41,45,,,,,,,,,,,,,3
5/17/2020,4,7,19,26,57,,,,,,,,,,,,,3
5/18/2020,6,11,14,31,57,,,,,,,,,,,,,2
5/19/2020,7,12,24,38,60,,,,,,,,,,,,,2
5/20/2020,11,29,40,53,57,,,,,,,,,,,,,4
5/21/2020,11,19,22,24,40,,,,,,,,,,,,,1
5/22/2020,13,27,38,42,53,,,,,,,,,,,,,3
5/23/2020,4,5,14,17,24,,,,,,,,,,,,,1
5/24/2020,12,15,22,50,55,,,,,,,,,,,,,1
5/25/2020,8,14,42,46,58,,,,,,,,,,,,,2
5/26/2020,10,13,21,31,41,,,,,,,,,,,,,3
5/27/2020,3,36,44,53,56,,,,,,,,,,,,,4
5/28/2020,7,8,12,14,39,,,,,,,,,,,,,3
5/29/2020,12,21,35,43,46,,,,,,,,,,,,,2
5/30/2020,9,21,24,42,44,,,,,,,,,,,,,4
5/31/2020,2,13,29,40,44,,,,,,,,,,,,,2
6/1/2020,8,17,24,33,48,,,,,,,,,,,,,2
6/2/2020,6,11,12,29,38,,,,,,,,,,,,,3
6/3/2020,13,28,38,46,48,,,,,,,,,,,,,2
6/4/2020,1,5,21,25,60,,,,,,,,,,,,,1
6/5/2020,4,5,13,52,58,,,,,,,,,,,,,1
6/6/2020,13,24,32,40,49,,,,,,,,,,,,,2
6/7/2020,1,9,12,39,51,,,,,,,,,,,,,3
6/8/2020,6,8,22,30,39,,,,,,,,,,,,,1
6/9/2020,7,23,26,48,56,,,,,,,,,,,,,2
6/10/2020,5,22,26,41,42,,,,,,,,,,,,,3
6/11/2020,20,35,44,50,51,,,,,,,,,,,,,2
6/12/2020,1,15,20,34,56,,,,,,,,,,,,,2
6/13/2020,11,19,31,50,58,,,,,,,,,,,,,3
6/14/2020,6,10,11,19,40,,,,,,,,,,,,,4
6/15/2020,18,31,34,43,55,,,,,,,,,,,,,1
6/16/2020,6,15,29,48,56,,,,,,,,,,,,,3
6/17/2020,10,28,51,54,57,,,,,,,,,,,,,3
6/18/2020,2,29,30,37,41,,,,,,,,,,,,,1
6/19/2020,20,38,40,47,49,,,,,,,,,,,,,4
6/20/2020,5,19,22,50,54,,,,,,,,,,,,,4
6/21/2020,14,17,20,40,47,,,,,,,,,,,,,1
6/22/2020,7,14,46,48,58,,,,,,,,,,,,,1
6/23/2020,11,45,50,52,59,,,,,,,,,,,,,3
6/24/2020,25,41,57,59,60,,,,,,,,,,,,,3
6/25/2020,20,37,43,45,50,,,,,,,,,,,,,1
6/26/2020,13,14,15,35,42,,,,,,,,,,,,,3
6/27/2020,9,26,29,42,59,,,,,,,,,,,,,4
6/28/2020,15,23,44,46,54,,,,,,,,,,,,,2
6/29/2020,10,12,16,17,32,,,,,,,,,,,,,4
6/30/2020,3,15,30,32,39,,,,,,,,,,,,,2
7/1/2020,21,31,34,38,47,,,,,,,,,,,,,4
7/2/2020,11,33,42,54,57,,,,,,,,,,,,,4
7/3/2020,7,23,28,42,47,,,,,,,,,,,,,4
7/4/2020,3,9,18,19,20,,,,,,,,,,,,,3
7/5/2020,11,15,21,52,58,,,,,,,,,,,,,4
7/6/2020,19,31,33,36,37,,,,,,,,,,,,,2
7/7/2020,9,12,17,22,37,,,,,,,,,,,,,2
7/8/2020,4,13,15,19,26,,,,,,,,,,,,,4
7/9/2020,2,13,14,29,39,,,,,,,,,,,,,4
7/10/2020,13,17,27,39,50,,,,,,,,,,,,,2
7/11/2020,5,11,22,27,41,,,,,,,,,,,,,2
7/12/2020,2,11,13,43,59,,,,,,,,,,,,,2
7/13/2020,11,12,33,36,49,,,,,,,,,,,,,3
7/14/2020,11,19,31,36,37,,,,,,,,,,,,,2
7/15/2020,6,21,29,57,58,,,,,,,,,,,,,3
7/16/2020,12,21,23,25,57,,,,,,,,,,,,,1
7/17/2020,6,7,29,44,50,,,,,,,,,,,,,3
7/18/2020,6,8,48,57,60,,,,,,,,,,,,,3
7/19/2020,14,27,34,36,45,,,,,,,,,,,,,4
7/20/2020,24,33,39,40,46,,,,,,,,,,,,,1
7/21/2020,4,6,16,17,18,,,,,,,,,,,,,4
7/22/2020,7,30,47,50,58,,,,,,,,,,,,,2
7/23/2020,8,30,46,47,50,,,,,,,,,,,,,2
7/24/2020,21,24,30,31,33,,,,,,,,,,,,,3
7/25/2020,10,22,44,45,59,,,,,,,,,,,,,2
7/26/2020,4,7,34,50,54,,,,,,,,,,,,,1
7/27/2020,10,15,32,37,50,,,,,,,,,,,,,2
7/28/2020,7,14,15,19,45,,,,,,,,,,,,,1
7/29/2020,8,11,21,36,39,,,,,,,,,,,,,1
7/30/2020,8,12,18,54,58,,,,,,,,,,,,,1
7/31/2020,11,12,26,27,32,,,,,,,,,,,,,4
8/1/2020,13,23,38,48,59,,,,,,,,,,,,,2
8/2/2020,2,11,19,27,30,,,,,,,,,,,,,1
8/3/2020,10,15,28,36,48,,,,,,,,,,,,,1
8/4/2020,16,17,27,31,43,,,,,,,,,,,,,3
8/5/2020,24,27,42,44,50,,,,,,,,,,,,,3
8/6/2020,1,19,31,35,55,,,,,,,,,,,,,2
8/7/2020,4,9,45,57,60,,,,,,,,,,,,,4
8/8/2020,21,37,41,43,60,,,,,,,,,,,,,3
8/9/2020,5,13,14,26,59,,,,,,,,,,,,,4
8/10/2020,2,7,9,20,55,,,,,,,,,,,,,1
8/11/2020,27,45,46,48,60,,,,,,,,,,,,,4
8/12/2020,12,19,22,42,56,,,,,,,,,,,,,1
8/13/2020,25,31,38,48,49,,,,,,,,,,,,,4
8/14/2020,12,24,35,42,54,,,,,,,,,,,,,1
8/15/2020,4,10,20,45,54,,,,,,,,,,,,,1
8/16/2020,10,27,30,38,46,,,,,,,,,,,,,2
8/17/2020,13,23,26,32,35,,,,,,,,,,,,,2
8/18/2020,25,31,47,48,59,,,,,,,,,,,,,4
8/19/2020,16,21,32,41,56,,,,,,,,,,,,,3
8/20/2020,10,15,23,35,59,,,,,,,,,,,,,4
8/21/2020,3,30,38,40,60,,,,,,,,,,,,,4
8/22/2020,8,12,17,25,36,,,,,,,,,,,,,2
8/23/2020,6,8,27,33,39,,,,,,,,,,,,,4
8/24/2020,2,4,5,12,22,,,,,,,,,,,,,3
8/25/2020,1,12,28,47,49,,,,,,,,,,,,,1
8/26/2020,7,10,15,17,30,,,,,,,,,,,,,2
8/27/2020,6,26,30,39,41,,,,,,,,,,,,,2
8/28/2020,27,29,33,34,57,,,,,,,,,,,,,3
8/29/2020,14,32,39,41,59,,,,,,,,,,,,,4
8/30/2020,3,12,18,29,33,,,,,,,,,,,,,1
8/31/2020,12,16,20,34,40,,,,,,,,,,,,,4
9/1/2020,26,29,30,33,36,,,,,,,,,,,,,2
9/2/2020,3,6,29,42,59,,,,,,,,,,,,,2
9/3/2020,18,28,41,43,48,,,,,,,,,,,,,2
9/4/2020,9,11,15,31,44,,,,,,,,,,,,,3
9/5/2020,8,22,34,44,45,,,,,,,,,,,,,2
9/6/2020,10,17,31,35,51,,,,,,,,,,,,,4
9/7/2020,1,2,20,37,56,,,,,,,,,,,,,2
9/8/2020,2,15,18,23,53,,,,,,,,,,,,,1
9/9/2020,7,15,32,52,59,,,,,,,,,,,,,3
9/10/2020,10,18,24,27,57,,,,,,,,,,,,,4
9/11/2020,24,27,28,38,53,,,,,,,,,,,,,4
9/12/2020,11,14,20,22,32,,,,,,,,,,,,,1
9/13/2020,1,19,27,44,46,,,,,,,,,,,,,1
9/14/2020,14,35,41,43,60,,,,,,,,,,,,,1
9/15/2020,6,22,36,37,50,,,,,,,,,,,,,2
9/16/2020,6,7,30,32,39,,,,,,,,,,,,,2
9/17/2020,9,15,34,35,59,,,,,,,,,,,,,1
9/18/2020,14,33,39,46,59,,,,,,,,,,,,,1
9/19/2020,7,11,36,40,50,,,,,,,,,,,,,2
9/20/2020,9,12,29,44,57,,,,,,,,,,,,,3
9/21/2020,6,18,21,51,52,,,,,,,,,,,,,3
9/22/2020,1,8,17,20,56,,,,,,,,,,,,,1
9/23/2020,10,28,36,38,45,,,,,,,,,,,,,3
9/24/2020,18,20,43,45,60,,,,,,,,,,,,,1
9/25/2020,12,20,34,35,56,,,,,,,,,,,,,1
9/26/2020,12,15,27,45,46,,,,,,,,,,,,,3
9/27/2020,4,6,9,50,59,,,,,,,,,,,,,2
9/28/2020,4,14,16,31,47,,,,,,,,,,,,,1
9/29/2020,6,10,37,46,52,,,,,,,,,,,,,2
9/30/2020,1,16,39,41,58,,,,,,,,,,,,,2
10/1/2020,7,23,37,49,52,,,,,,,,,,,,,2
10/2/2020,2,26,29,35,53,,,,,,,,,,,,,4
10/3/2020,5,8,42,45,47,,,,,,,,,,,,,3
10/4/2020,14,33,36,50,51,,,,,,,,,,,,,2
10/5/2020,1,3,35,37,42,,,,,,,,,,,,,4
10/6/2020,2,9,34,43,52,,,,,,,,,,,,,3
10/7/2020,8,18,30,44,49,,,,,,,,,,,,,4
10/8/2020,26,31,34,40,52,,,,,,,,,,,,,3
10/9/2020,16,24,39,48,51,,,,,,,,,,,,,4
10/10/2020,5,14,20,31,42,,,,,,,,,,,,,1
10/11/2020,4,14,41,42,54,,,,,,,,,,,,,3
10/12/2020,2,14,25,32,35,,,,,,,,,,,,,4
10/13/2020,5,14,35,47,51,,,,,,,,,,,,,4
10/14/2020,31,36,45,56,60,,,,,,,,,,,,,2
10/15/2020,24,37,42,57,58,,,,,,,,,,,,,2
10/16/2020,1,2,20,36,37,,,,,,,,,,,,,2
10/17/2020,17,18,23,28,33,,,,,,,,,,,,,2
10/18/2020,10,25,33,37,53,,,,,,,,,,,,,4
10/19/2020,23,24,30,34,58,,,,,,,,,,,,,1
10/20/2020,11,25,34,42,53,,,,,,,,,,,,,4
10/21/2020,3,7,16,45,52,,,,,,,,,,,,,3
10/22/2020,14,15,26,29,52,,,,,,,,,,,,,1
10/23/2020,4,13,16,34,40,,,,,,,,,,,,,1
10/24/2020,18,25,31,33,42,,,,,,,,,,,,,1
10/25/2020,14,39,44,45,53,,,,,,,,,,,,,1
10/26/2020,1,6,19,58,59,,,,,,,,,,,,,2
10/27/2020,1,13,21,30,41,,,,,,,,,,,,,4
10/28/2020,12,15,29,45,56,,,,,,,,,,,,,1
10/29/2020,2,31,40,52,53,,,,,,,,,,,,,3
10/30/2020,13,19,35,48,52,,,,,,,,,,,,,4
10/31/2020,24,33,35,39,40,,,,,,,,,,,,,4
11/1/2020,2,12,28,50,60,,,,,,,,,,,,,2
11/2/2020,13,16,28,36,56,,,,,,,,,,,,,2
11/4/2020,11,23,34,39,54,,,,,,,,,,,,,2
11/5/2020,5,7,11,17,41,,,,,,,,,,,,,1
11/6/2020,19,20,22,31,35,,,,,,,,,,,,,1
11/7/2020,2,3,18,43,49,,,,,,,,,,,,,2
11/8/2020,19,30,38,41,55,,,,,,,,,,,,,4
11/9/2020,10,27,40,45,49,,,,,,,,,,,,,4
11/10/2020,14,19,26,36,43,,,,,,,,,,,,,3
11/11/2020,7,20,30,41,56,,,,,,,,,,,,,4
11/12/2020,20,25,38,49,51,,,,,,,,,,,,,2
11/13/2020,12,18,23,29,46,,,,,,,,,,,,,1
11/14/2020,19,20,47,56,60,,,,,,,,,,,,,3
11/15/2020,19,20,32,35,49,,,,,,,,,,,,,1
11/16/2020,12,16,42,44,59,,,,,,,,,,,,,2
11/17/2020,15,31,43,45,54,,,,,,,,,,,,,2
11/18/2020,7,24,38,48,51,,,,,,,,,,,,,3
11/19/2020,16,17,18,37,58,,,,,,,,,,,,,1
11/20/2020,11,29,32,51,60,,,,,,,,,,,,,1
11/21/2020,4,8,35,40,54,,,,,,,,,,,,,2
11/22/2020,4,25,26,35,36,,,,,,,,,,,,,2
11/23/2020,5,11,40,55,59,,,,,,,,,,,,,1
11/24/2020,14,27,46,52,57,,,,,,,,,,,,,4
11/25/2020,10,18,25,27,56,,,,,,,,,,,,,3
11/26/2020,4,9,21,27,40,,,,,,,,,,,,,4
11/27/2020,12,14,20,28,51,,,,,,,,,,,,,4
11/28/2020,11,13,23,49,58,,,,,,,,,,,,,3
11/29/2020,9,17,18,28,38,,,,,,,,,,,,,4
11/30/2020,3,25,35,46,57,,,,,,,,,,,,,3
12/1/2020,1,2,25,48,53,,,,,,,,,,,,,3
12/2/2020,16,22,33,44,51,,,,,,,,,,,,,1
12/3/2020,6,10,14,31,59,,,,,,,,,,,,,4
12/4/2020,9,21,27,48,56,,,,,,,,,,,,,2
12/5/2020,8,16,45,48,57,,,,,,,,,,,,,2
12/6/2020,4,26,30,38,59,,,,,,,,,,,,,3
12/7/2020,13,16,22,40,49,,,,,,,,,,,,,2
12/8/2020,19,21,24,28,30,,,,,,,,,,,,,4
12/9/2020,13,31,37,39,57,,,,,,,,,,,,,2
12/10/2020,11,23,27,45,49,,,,,,,,,,,,,3
12/11/2020,25,34,36,49,57,,,,,,,,,,,,,3
12/12/2020,13,34,39,45,60,,,,,,,,,,,,,2
12/13/2020,16,32,33,42,53,,,,,,,,,,,,,3
12/14/2020,6,15,21,33,42,,,,,,,,,,,,,1
12/15/2020,16,27,42,49,57,,,,,,,,,,,,,2
12/16/2020,1,4,8,10,37,,,,,,,,,,,,,2
12/17/2020,11,19,25,35,59,,,,,,,,,,,,,4
12/18/2020,2,38,44,52,57,,,,,,,,,,,,,4
12/19/2020,25,31,48,56,57,,,,,,,,,,,,,4
12/20/2020,20,21,36,47,53,,,,,,,,,,,,,1
12/21/2020,12,29,32,38,60,,,,,,,,,,,,,2
12/22/2020,1,5,15,27,46,,,,,,,,,,,,,3
12/23/2020,1,18,21,23,32,,,,,,,,,,,,,4
12/24/2020,14,22,32,34,52,,,,,,,,,,,,,3
12/25/2020,4,26,44,56,57,,,,,,,,,,,,,4
12/26/2020,3,36,42,51,58,,,,,,,,,,,,,2
12/27/2020,28,35,36,42,53,,,,,,,,,,,,,2
12/28/2020,37,44,55,59,60,,,,,,,,,,,,,3
12/29/2020,12,21,23,24,36,,,,,,,,,,,,,2
12/30/2020,2,19,28,29,30,,,,,,,,,,,,,3
12/31/2020,11,28,40,48,57,,,,,,,,,,,,,4
1/1/2021,9,17,23,37,47,,,,,,,,,,,,,4
1/2/2021,31,33,35,37,50,,,,,,,,,,,,,3
1/3/2021,10,15,21,25,30,,,,,,,,,,,,,1
1/4/2021,3,24,43,47,51,,,,,,,,,,,,,1
1/5/2021,19,29,45,51,52,,,,,,,,,,,,,1
1/6/2021,5,6,16,22,33,,,,,,,,,,,,,3
1/7/2021,32,36,47,55,57,,,,,,,,,,,,,3
1/8/2021,3,9,22,44,47,,,,,,,,,,,,,1
1/9/2021,19,27,46,49,50,,,,,,,,,,,,,2
1/10/2021,5,43,46,49,52,,,,,,,,,,,,,3
1/11/2021,18,30,41,48,54,,,,,,,,,,,,,3
1/12/2021,28,32,40,41,44,,,,,,,,,,,,,2
1/13/2021,5,12,13,14,26,,,,,,,,,,,,,3
1/14/2021,1,10,17,32,39,,,,,,,,,,,,,2
1/15/2021,10,18,37,38,51,,,,,,,,,,,,,3
1/16/2021,15,23,26,32,57,,,,,,,,,,,,,1
1/17/2021,29,35,42,48,49,,,,,,,,,,,,,1
1/18/2021,4,6,7,33,53,,,,,,,,,,,,,4
1/19/2021,12,21,26,33,38,,,,,,,,,,,,,1
1/20/2021,8,13,14,44,52,,,,,,,,,,,,,2
1/21/2021,13,16,36,38,53,,,,,,,,,,,,,1
1/22/2021,2,15,19,41,43,,,,,,,,,,,,,2
1/23/2021,15,20,29,37,55,,,,,,,,,,,,,4
1/24/2021,11,25,40,53,59,,,,,,,,,,,,,2
1/25/2021,24,32,35,43,55,,,,,,,,,,,,,1
1/26/2021,19,24,38,40,60,,,,,,,,,,,,,2
1/27/2021,2,8,13,38,48,,,,,,,,,,,,,4
1/28/2021,3,31,39,57,59,,,,,,,,,,,,,1
1/29/2021,8,9,19,22,23,,,,,,,,,,,,,4
1/30/2021,3,31,33,43,44,,,,,,,,,,,,,3
1/31/2021,5,6,14,35,51,,,,,,,,,,,,,3
2/1/2021,18,26,33,58,59,,,,,,,,,,,,,3
2/2/2021,2,6,11,13,56,,,,,,,,,,,,,2
2/3/2021,16,35,37,50,55,,,,,,,,,,,,,2
2/4/2021,25,39,42,49,55,,,,,,,,,,,,,4
2/5/2021,27,31,39,45,48,,,,,,,,,,,,,1
2/6/2021,22,40,47,52,59,,,,,,,,,,,,,1
2/7/2021,1,7,16,44,47,,,,,,,,,,,,,1
2/8/2021,19,27,33,57,59,,,,,,,,,,,,,3
2/9/2021,27,35,38,52,57,,,,,,,,,,,,,4
2/10/2021,4,17,23,27,38,,,,,,,,,,,,,4
2/11/2021,8,9,24,32,36,,,,,,,,,,,,,3
2/12/2021,30,37,40,58,60,,,,,,,,,,,,,4
2/13/2021,3,45,52,56,58,,,,,,,,,,,,,4
2/14/2021,16,22,50,52,57,,,,,,,,,,,,,2
2/15/2021,8,18,21,28,46,,,,,,,,,,,,,2
2/16/2021,11,21,32,33,54,,,,,,,,,,,,,4
2/17/2021,3,12,39,52,57,,,,,,,,,,,,,2
2/18/2021,20,27,32,41,55,,,,,,,,,,,,,4
2/19/2021,6,19,32,35,47,,,,,,,,,,,,,2
2/20/2021,6,36,49,51,54,,,,,,,,,,,,,1
2/21/2021,6,9,44,51,54,,,,,,,,,,,,,2
2/22/2021,21,22,24,28,41,,,,,,,,,,,,,3
2/23/2021,4,17,27,35,49,,,,,,,,,,,,,3
2/24/2021,1,16,43,58,60,,,,,,,,,,,,,1
2/25/2021,6,8,47,52,54,,,,,,,,,,,,,3
2/26/2021,12,16,32,36,51,,,,,,,,,,,,,3
2/27/2021,8,18,33,38,53,,,,,,,,,,,,,2
2/28/2021,2,16,23,48,60,,,,,,,,,,,,,4
3/1/2021,1,7,45,50,53,,,,,,,,,,,,,2
3/2/2021,26,44,49,51,54,,,,,,,,,,,,,3
3/3/2021,15,16,20,42,57,,,,,,,,,,,,,2
3/4/2021,27,40,42,55,57,,,,,,,,,,,,,3
3/5/2021,12,27,52,57,60,,,,,,,,,,,,,4
3/6/2021,2,7,21,32,37,,,,,,,,,,,,,4
3/7/2021,21,26,39,55,57,,,,,,,,,,,,,4
3/8/2021,10,17,26,51,52,,,,,,,,,,,,,1
3/9/2021,6,16,25,40,49,,,,,,,,,,,,,3
3/10/2021,3,5,18,28,31,,,,,,,,,,,,,1
3/11/2021,9,19,26,27,57,,,,,,,,,,,,,2
3/12/2021,6,21,26,41,48,,,,,,,,,,,,,1
3/13/2021,24,25,32,40,48,,,,,,,,,,,,,4
3/14/2021,5,9,16,53,57,,,,,,,,,,,,,2
3/15/2021,4,12,37,46,60,,,,,,,,,,,,,3
3/16/2021,21,44,45,53,58,,,,,,,,,,,,,4
3/17/2021,3,26,27,34,36,,,,,,,,,,,,,1
3/18/2021,9,21,22,37,59,,,,,,,,,,,,,1
3/19/2021,10,17,25,35,44,,,,,,,,,,,,,1
3/20/2021,28,33,38,50,59,,,,,,,,,,,,,3
3/21/2021,2,16,41,55,58,,,,,,,,,,,,,4
3/22/2021,9,26,31,47,58,,,,,,,,,,,,,4
3/23/2021,4,6,12,20,51,,,,,,,,,,,,,4
3/24/2021,13,14,15,16,41,,,,,,,,,,,,,3
3/25/2021,1,3,13,28,49,,,,,,,,,,,,,1
3/26/2021,5,12,24,42,59,,,,,,,,,,,,,1
3/27/2021,7,15,31,48,56,,,,,,,,,,,,,4
3/28/2021,2,3,7,19,49,,,,,,,,,,,,,1
3/29/2021,5,28,35,39,60,,,,,,,,,,,,,3
3/30/2021,10,13,33,36,58,,,,,,,,,,,,,1
3/31/2021,2,27,35,46,55,,,,,,,,,,,,,2
4/1/2021,19,36,41,46,55,,,,,,,,,,,,,2
4/2/2021,10,31,32,41,60,,,,,,,,,,,,,3
4/3/2021,2,5,24,44,57,,,,,,,,,,,,,2
4/4/2021,11,17,18,26,54,,,,,,,,,,,,,2
4/5/2021,19,21,26,39,52,,,,,,,,,,,,,4
4/6/2021,21,23,25,34,51,,,,,,,,,,,,,2
4/7/2021,31,33,39,48,50,,,,,,,,,,,,,2
4/8/2021,9,16,42,54,58,,,,,,,,,,,,,2
4/9/2021,4,9,35,40,57,,,,,,,,,,,,,3
4/10/2021,29,30,35,51,55,,,,,,,,,,,,,2
4/11/2021,1,8,19,39,50,,,,,,,,,,,,,3
4/12/2021,4,23,26,37,56,,,,,,,,,,,,,1
4/13/2021,9,30,35,38,59,,,,,,,,,,,,,2
4/14/2021,2,12,25,56,57,,,,,,,,,,,,,3
4/15/2021,18,24,44,46,49,,,,,,,,,,,,,3
4/16/2021,4,11,22,33,36,,,,,,,,,,,,,1
4/17/2021,15,18,46,48,50,,,,,,,,,,,,,2
4/18/2021,16,41,46,52,57,,,,,,,,,,,,,3
4/19/2021,1,6,14,18,33,,,,,,,,,,,,,2
4/20/2021,13,19,42,52,56,,,,,,,,,,,,,2
4/21/2021,12,14,22,23,32,,,,,,,,,,,,,2
4/22/2021,4,8,13,40,59,,,,,,,,,,,,,3
4/23/2021,13,19,22,35,50,,,,,,,,,,,,,4
4/24/2021,13,14,35,38,40,,,,,,,,,,,,,2
4/25/2021,6,10,21,44,50,,,,,,,,,,,,,3
4/26/2021,7,16,30,34,46,,,,,,,,,,,,,2
4/27/2021,2,11,20,27,41,,,,,,,,,,,,,4
4/28/2021,4,22,24,52,59,,,,,,,,,,,,,4
4/29/2021,4,29,40,41,47,,,,,,,,,,,,,4
4/30/2021,9,10,32,52,60,,,,,,,,,,,,,1
5/1/2021,25,33,40,50,53,,,,,,,,,,,,,1
5/2/2021,24,30,50,52,55,,,,,,,,,,,,,3
5/3/2021,13,18,27,28,60,,,,,,,,,,,,,4
5/4/2021,24,28,40,50,54,,,,,,,,,,,,,2
5/5/2021,2,37,54,56,60,,,,,,,,,,,,,1
5/6/2021,6,9,16,20,25,,,,,,,,,,,,,3
5/7/2021,14,20,21,30,47,,,,,,,,,,,,,4
5/8/2021,1,9,20,49,56,,,,,,,,,,,,,2
5/9/2021,4,14,33,35,37,,,,,,,,,,,,,4
5/10/2021,37,42,44,45,52,,,,,,,,,,,,,3
5/11/2021,6,21,25,56,57,,,,,,,,,,,,,4
5/12/2021,32,40,41,54,56,,,,,,,,,,,,,2
5/13/2021,9,33,37,47,55,,,,,,,,,,,,,2
5/14/2021,3,5,26,35,60,,,,,,,,,,,,,3
5/15/2021,8,15,24,41,49,,,,,,,,,,,,,1
5/16/2021,2,5,8,37,41,,,,,,,,,,,,,3
5/17/2021,31,43,44,46,58,,,,,,,,,,,,,3
5/18/2021,7,18,29,39,40,,,,,,,,,,,,,1
5/19/2021,5,7,24,29,31,,,,,,,,,,,,,4
5/20/2021,1,21,23,50,55,,,,,,,,,,,,,2
5/21/2021,6,15,23,47,56,,,,,,,,,,,,,4
5/22/2021,10,18,22,38,54,,,,,,,,,,,,,1
5/23/2021,8,24,31,39,44,,,,,,,,,,,,,2
5/24/2021,8,15,19,39,55,,,,,,,,,,,,,2
5/25/2021,1,16,28,38,41,,,,,,,,,,,,,2
5/26/2021,3,6,29,58,60,,,,,,,,,,,,,4
5/27/2021,5,14,21,38,42,,,,,,,,,,,,,3
5/28/2021,10,11,26,27,57,,,,,,,,,,,,,3
5/29/2021,6,27,44,51,52,,,,,,,,,,,,,2
5/30/2021,9,12,34,40,43,,,,,,,,,,,,,1
5/31/2021,19,22,43,46,54,,,,,,,,,,,,,2
6/1/2021,21,25,31,54,57,,,,,,,,,,,,,4
6/2/2021,40,44,46,51,54,,,,,,,,,,,,,2
6/3/2021,5,7,14,29,40,,,,,,,,,,,,,3
6/4/2021,6,30,33,49,52,,,,,,,,,,,,,2
6/5/2021,1,4,26,31,36,,,,,,,,,,,,,4
6/6/2021,16,25,34,47,51,,,,,,,,,,,,,4
6/7/2021,6,14,25,28,33,,,,,,,,,,,,,4
6/8/2021,4,7,9,10,41,,,,,,,,,,,,,1
6/9/2021,19,21,29,52,56,,,,,,,,,,,,,4
6/10/2021,13,19,22,36,55,,,,,,,,,,,,,3
6/11/2021,8,24,47,48,56,,,,,,,,,,,,,4
6/12/2021,16,21,23,24,58,,,,,,,,,,,,,2
6/13/2021,2,8,24,26,43,,,,,,,,,,,,,1
6/14/2021,18,20,45,57,60,,,,,,,,,,,,,4
6/15/2021,2,5,11,35,59,,,,,,,,,,,,,1
6/16/2021,10,32,41,42,51,,,,,,,,,,,,,1
6/17/2021,3,18,23,50,53,,,,,,,,,,,,,4
6/18/2021,11,20,26,56,57,,,,,,,,,,,,,1
6/19/2021,9,12,13,39,54,,,,,,,,,,,,,1
6/20/2021,21,39,41,45,58,,,,,,,,,,,,,2
6/21/2021,26,29,41,57,60,,,,,,,,,,,,,4
6/22/2021,5,7,17,19,33,,,,,,,,,,,,,2
6/23/2021,10,25,29,31,60,,,,,,,,,,,,,4
6/24/2021,13,39,41,48,50,,,,,,,,,,,,,4
6/25/2021,9,28,44,46,53,,,,,,,,,,,,,3
6/26/2021,3,13,33,41,48,,,,,,,,,,,,,2
6/27/2021,6,35,36,38,39,,,,,,,,,,,,,4
6/28/2021,10,19,38,52,60,,,,,,,,,,,,,2
6/29/2021,1,9,15,30,41,,,,,,,,,,,,,4
6/30/2021,1,27,29,41,44,,,,,,,,,,,,,4
7/1/2021,5,32,45,46,54,,,,,,,,,,,,,3
7/2/2021,1,9,12,13,20,,,,,,,,,,,,,1
7/3/2021,5,14,28,39,40,,,,,,,,,,,,,2
7/4/2021,1,3,6,25,48,,,,,,,,,,,,,4
7/5/2021,3,10,21,28,51,,,,,,,,,,,,,4
7/6/2021,18,25,30,41,49,,,,,,,,,,,,,2
7/7/2021,5,12,19,44,46,,,,,,,,,,,,,4
7/8/2021,1,8,15,21,48,,,,,,,,,,,,,2
7/9/2021,18,29,40,42,56,,,,,,,,,,,,,2
7/10/2021,7,8,18,33,52,,,,,,,,,,,,,1
7/11/2021,12,16,40,54,60,,,,,,,,,,,,,2
7/12/2021,12,16,54,56,58,,,,,,,,,,,,,2
7/13/2021,3,23,29,33,46,,,,,,,,,,,,,4
7/14/2021,10,21,35,46,48,,,,,,,,,,,,,1
7/15/2021,11,21,39,40,60,,,,,,,,,,,,,1
7/16/2021,3,9,14,41,46,,,,,,,,,,,,,1
7/17/2021,8,9,25,35,52,,,,,,,,,,,,,1
7/18/2021,1,31,40,49,55,,,,,,,,,,,,,3
7/19/2021,8,15,16,23,41,,,,,,,,,,,,,2
7/20/2021,7,14,51,55,58,,,,,,,,,,,,,4
7/21/2021,11,28,45,47,52,,,,,,,,,,,,,3
7/22/2021,36,50,51,52,55,,,,,,,,,,,,,1
7/23/2021,3,29,37,42,46,,,,,,,,,,,,,2
7/24/2021,37,40,49,53,55,,,,,,,,,,,,,3
7/25/2021,16,34,39,42,51,,,,,,,,,,,,,1
7/26/2021,9,16,25,27,32,,,,,,,,,,,,,1
7/27/2021,12,20,22,55,59,,,,,,,,,,,,,3
7/28/2021,8,11,12,13,23,,,,,,,,,,,,,1
7/29/2021,4,18,26,34,42,,,,,,,,,,,,,2
7/30/2021,2,12,15,33,46,,,,,,,,,,,,,1
7/31/2021,10,21,44,53,58,,,,,,,,,,,,,3
8/1/2021,11,30,33,47,60,,,,,,,,,,,,,1
8/2/2021,18,46,48,50,54,,,,,,,,,,,,,4
8/3/2021,25,42,48,49,53,,,,,,,,,,,,,4
8/4/2021,2,19,37,52,56,,,,,,,,,,,,,3
8/5/2021,4,10,11,34,59,,,,,,,,,,,,,4
8/6/2021,4,9,20,33,43,,,,,,,,,,,,,2
8/7/2021,5,14,20,23,37,,,,,,,,,,,,,3
8/8/2021,6,23,31,44,48,,,,,,,,,,,,,2
8/9/2021,3,6,29,32,35,,,,,,,,,,,,,1
8/10/2021,1,4,9,21,51,,,,,,,,,,,,,3
8/11/2021,5,10,13,43,52,,,,,,,,,,,,,1
8/12/2021,9,10,15,28,46,,,,,,,,,,,,,3
8/13/2021,10,27,41,51,58,,,,,,,,,,,,,1
8/14/2021,5,29,30,35,39,,,,,,,,,,,,,3
8/15/2021,6,9,16,47,54,,,,,,,,,,,,,4
8/16/2021,12,13,32,36,53,,,,,,,,,,,,,2
8/17/2021,9,14,15,36,54,,,,,,,,,,,,,4
8/18/2021,22,39,45,51,53,,,,,,,,,,,,,3
8/19/2021,3,28,33,43,51,,,,,,,,,,,,,3
8/20/2021,29,36,46,50,60,,,,,,,,,,,,,1
8/21/2021,21,38,48,54,56,,,,,,,,,,,,,2
8/22/2021,20,27,31,37,39,,,,,,,,,,,,,3
8/23/2021,3,26,27,38,51,,,,,,,,,,,,,1
8/24/2021,6,10,14,28,58,,,,,,,,,,,,,1
8/25/2021,3,27,28,37,59,,,,,,,,,,,,,4
8/26/2021,1,4,11,46,52,,,,,,,,,,,,,2
8/27/2021,2,16,31,36,56,,,,,,,,,,,,,4
8/28/2021,1,18,28,32,36,,,,,,,,,,,,,3
8/29/2021,1,5,26,40,59,,,,,,,,,,,,,4
8/30/2021,5,9,24,54,58,,,,,,,,,,,,,3
8/31/2021,5,8,13,15,32,,,,,,,,,,,,,3
9/1/2021,32,37,40,41,43,,,,,,,,,,,,,1
9/2/2021,10,13,26,34,55,,,,,,,,,,,,,2
9/3/2021,33,36,45,51,56,,,,,,,,,,,,,3
9/4/2021,10,22,33,38,54,,,,,,,,,,,,,4
9/5/2021,6,22,33,36,56,,,,,,,,,,,,,1
9/6/2021,11,31,39,42,46,,,,,,,,,,,,,3
9/7/2021,6,12,30,34,58,,,,,,,,,,,,,2
9/8/2021,7,15,19,21,49,,,,,,,,,,,,,2
9/9/2021,3,23,30,55,58,,,,,,,,,,,,,1
9/10/2021,9,12,15,28,58,,,,,,,,,,,,,1
9/11/2021,12,18,31,39,60,,,,,,,,,,,,,1
9/12/2021,1,2,13,44,51,,,,,,,,,,,,,1
9/13/2021,4,6,40,41,60,,,,,,,,,,,,,3
9/14/2021,15,16,30,49,58,,,,,,,,,,,,,2
9/15/2021,22,23,35,43,45,,,,,,,,,,,,,2
9/16/2021,31,39,49,55,59,,,,,,,,,,,,,2
9/17/2021,1,3,8,22,37,,,,,,,,,,,,,4
9/18/2021,15,23,24,29,48,,,,,,,,,,,,,2
9/19/2021,2,24,26,35,43,,,,,,,,,,,,,4
9/20/2021,24,26,29,43,52,,,,,,,,,,,,,4
9/21/2021,4,10,22,38,46,,,,,,,,,,,,,4
9/22/2021,20,30,47,50,55,,,,,,,,,,,,,1
9/23/2021,18,27,29,55,58,,,,,,,,,,,,,2
9/24/2021,15,18,23,36,44,,,,,,,,,,,,,4
9/25/2021,5,24,37,47,52,,,,,,,,,,,,,4
9/26/2021,8,9,16,33,37,,,,,,,,,,,,,3
9/27/2021,3,10,11,21,46,,,,,,,,,,,,,4
9/28/2021,3,4,12,18,50,,,,,,,,,,,,,3
9/29/2021,17,20,22,32,56,,,,,,,,,,,,,4
9/30/2021,15,18,20,21,52,,,,,,,,,,,,,3
10/1/2021,4,20,39,40,60,,,,,,,,,,,,,1
10/2/2021,2,14,17,26,55,,,,,,,,,,,,,1
10/3/2021,18,24,50,52,59,,,,,,,,,,,,,1
10/4/2021,16,27,43,48,56,,,,,,,,,,,,,3
10/5/2021,6,14,26,35,48,,,,,,,,,,,,,3
10/6/2021,2,10,14,28,31,,,,,,,,,,,,,2
10/7/2021,6,10,21,38,48,,,,,,,,,,,,,2
10/8/2021,16,26,38,42,56,,,,,,,,,,,,,1
10/9/2021,9,12,28,48,57,,,,,,,,,,,,,4
10/10/2021,22,23,40,46,55,,,,,,,,,,,,,3
10/11/2021,1,8,17,38,47,,,,,,,,,,,,,1
10/12/2021,9,20,22,53,57,,,,,,,,,,,,,1
10/13/2021,8,10,14,15,35,,,,,,,,,,,,,3
10/14/2021,7,8,34,55,56,,,,,,,,,,,,,3
10/15/2021,4,11,21,34,38,,,,,,,,,,,,,4
10/16/2021,4,25,26,44,58,,,,,,,,,,,,,2
10/17/2021,14,19,25,27,39,,,,,,,,,,,,,4
10/18/2021,7,13,34,38,59,,,,,,,,,,,,,2
10/19/2021,9,32,34,35,52,,,,,,,,,,,,,4
10/20/2021,3,5,28,33,42,,,,,,,,,,,,,2
10/21/2021,7,20,35,52,60,,,,,,,,,,,,,2
10/22/2021,16,46,51,52,54,,,,,,,,,,,,,3
10/23/2021,8,24,32,34,46,,,,,,,,,,,,,4
10/24/2021,9,13,30,36,40,,,,,,,,,,,,,3
10/25/2021,18,35,46,47,51,,,,,,,,,,,,,4
10/26/2021,3,5,23,37,46,,,,,,,,,,,,,4
10/27/2021,19,26,54,55,60,,,,,,,,,,,,,1
10/28/2021,6,8,9,10,42,,,,,,,,,,,,,1
10/29/2021,29,34,39,47,54,,,,,,,,,,,,,3
10/30/2021,20,33,37,45,48,,,,,,,,,,,,,4
10/31/2021,31,35,48,57,58,,,,,,,,,,,,,2
11/1/2021,16,19,29,42,50,,,,,,,,,,,,,3
11/2/2021,15,28,33,39,50,,,,,,,,,,,,,1
11/3/2021,10,36,45,46,60,,,,,,,,,,,,,3
11/4/2021,7,37,47,53,55,,,,,,,,,,,,,2
11/5/2021,8,30,31,43,51,,,,,,,,,,,,,1
11/6/2021,34,39,44,50,53,,,,,,,,,,,,,4
11/7/2021,9,11,27,45,58,,,,,,,,,,,,,1
11/8/2021,16,21,43,56,58,,,,,,,,,,,,,1
11/9/2021,15,41,56,57,59,,,,,,,,,,,,,4
11/10/2021,20,31,39,42,46,,,,,,,,,,,,,3
11/11/2021,5,21,31,45,47,,,,,,,,,,,,,1
11/12/2021,5,8,32,34,57,,,,,,,,,,,,,4
11/13/2021,7,17,31,47,51,,,,,,,,,,,,,3
11/14/2021,6,27,37,50,57,,,,,,,,,,,,,3
11/15/2021,33,47,49,50,57,,,,,,,,,,,,,3
11/16/2021,9,10,35,44,58,,,,,,,,,,,,,2
11/17/2021,10,18,50,53,58,,,,,,,,,,,,,3
11/18/2021,18,24,31,47,60,,,,,,,,,,,,,2
11/19/2021,8,27,30,37,39,,,,,,,,,,,,,1
11/20/2021,9,16,23,31,58,,,,,,,,,,,,,3
11/21/2021,4,5,6,11,48,,,,,,,,,,,,,3
11/22/2021,2,3,22,45,46,,,,,,,,,,,,,1
11/23/2021,25,27,30,41,56,,,,,,,,,,,,,3
11/24/2021,3,5,11,16,55,,,,,,,,,,,,,2
11/25/2021,24,39,40,43,46,,,,,,,,,,,,,2
11/26/2021,20,23,27,38,40,,,,,,,,,,,,,1
11/27/2021,4,5,8,55,56,,,,,,,,,,,,,2
11/28/2021,2,9,18,35,41,,,,,,,,,,,,,2
11/29/2021,9,35,48,53,58,,,,,,,,,,,,,4
11/30/2021,11,13,44,47,51,,,,,,,,,,,,,3
12/1/2021,6,23,36,42,50,,,,,,,,,,,,,1
12/2/2021,40,45,47,55,58,,,,,,,,,,,,,2
12/3/2021,13,26,39,44,47,,,,,,,,,,,,,2
12/4/2021,8,11,25,45,48,,,,,,,,,,,,,1
12/5/2021,14,20,31,32,34,,,,,,,,,,,,,1
12/6/2021,19,25,42,52,55,,,,,,,,,,,,,1
12/7/2021,13,31,36,45,59,,,,,,,,,,,,,4
12/8/2021,16,25,45,48,55,,,,,,,,,,,,,2
12/9/2021,17,25,34,38,49,,,,,,,,,,,,,3
12/10/2021,17,33,40,53,60,,,,,,,,,,,,,1
12/11/2021,3,11,17,44,53,,,,,,,,,,,,,2
12/12/2021,1,5,13,37,38,,,,,,,,,,,,,2
12/13/2021,7,36,39,47,51,,,,,,,,,,,,,4
12/14/2021,15,19,23,38,39,,,,,,,,,,,,,3
12/15/2021,14,22,27,35,57,,,,,,,,,,,,,1
12/16/2021,12,16,34,45,57,,,,,,,,,,,,,1
12/17/2021,5,22,24,45,57,,,,,,,,,,,,,1
12/18/2021,2,27,37,46,57,,,,,,,,,,,,,3
12/19/2021,7,32,34,42,51,,,,,,,,,,,,,1
12/20/2021,1,23,28,39,40,,,,,,,,,,,,,1
12/21/2021,3,17,30,40,45,,,,,,,,,,,,,4
12/22/2021,2,14,16,21,59,,,,,,,,,,,,,3
12/23/2021,14,19,30,31,43,,,,,,,,,,,,,2
12/24/2021,12,15,32,58,60,,,,,,,,,,,,,1
12/25/2021,8,9,16,33,38,,,,,,,,,,,,,3
12/26/2021,18,23,27,37,52,,,,,,,,,,,,,3
12/27/2021,5,29,36,38,59,,,,,,,,,,,,,3
12/28/2021,13,24,35,49,50,,,,,,,,,,,,,1
12/29/2021,17,19,35,57,58,,,,,,,,,,,,,3
12/30/2021,6,25,43,55,56,,,,,,,,,,,,,2
12/31/2021,8,13,34,46,60,,,,,,,,,,,,,4
1/1/2022,5,11,19,23,33,,,,,,,,,,,,,2
1/2/2022,8,14,19,27,28,,,,,,,,,,,,,4
1/3/2022,2,39,42,47,50,,,,,,,,,,,,,2
1/4/2022,5,13,19,20,29,,,,,,,,,,,,,3
1/5/2022,4,33,39,51,58,,,,,,,,,,,,,1
1/6/2022,1,13,15,28,52,,,,,,,,,,,,,3
1/7/2022,22,23,45,54,55,,,,,,,,,,,,,3
1/8/2022,20,33,34,40,59,,,,,,,,,,,,,4
1/9/2022,20,32,33,42,52,,,,,,,,,,,,,3
1/10/2022,1,3,29,34,39,,,,,,,,,,,,,4
1/11/2022,4,26,46,53,58,,,,,,,,,,,,,4
1/12/2022,1,6,24,36,58,,,,,,,,,,,,,1
1/13/2022,22,34,38,42,50,,,,,,,,,,,,,2
1/14/2022,15,19,29,37,58,,,,,,,,,,,,,2
1/15/2022,6,10,30,35,60,,,,,,,,,,,,,3
1/16/2022,19,36,42,54,59,,,,,,,,,,,,,2
1/17/2022,1,19,36,43,53,,,,,,,,,,,,,1
1/18/2022,30,33,52,53,60,,,,,,,,,,,,,3
1/19/2022,5,11,31,42,49,,,,,,,,,,,,,1
1/20/2022,5,26,38,46,58,,,,,,,,,,,,,2
1/21/2022,5,21,24,36,46,,,,,,,,,,,,,1
1/22/2022,6,22,29,51,52,,,,,,,,,,,,,4
1/23/2022,2,22,26,34,48,,,,,,,,,,,,,3
1/24/2022,12,14,24,42,53,,,,,,,,,,,,,3
1/25/2022,14,15,19,30,38,,,,,,,,,,,,,4
1/26/2022,14,16,17,40,47,,,,,,,,,,,,,3
1/27/2022,19,39,43,49,51,,,,,,,,,,,,,1
1/28/2022,17,27,31,43,51,,,,,,,,,,,,,1
1/29/2022,2,4,5,16,22,,,,,,,,,,,,,2
1/30/2022,13,33,46,47,49,,,,,,,,,,,,,3
1/31/2022,1,11,24,37,54,,,,,,,,,,,,,4
2/1/2022,20,24,30,41,53,,,,,,,,,,,,,3
2/2/2022,17,21,22,28,44,,,,,,,,,,,,,4
2/3/2022,11,25,28,34,37,,,,,,,,,,,,,4
2/4/2022,20,22,24,37,39,,,,,,,,,,,,,1
2/5/2022,1,2,13,26,43,,,,,,,,,,,,,1
2/6/2022,2,3,14,20,26,,,,,,,,,,,,,3
2/7/2022,18,20,22,43,59,,,,,,,,,,,,,1
2/8/2022,5,10,35,42,56,,,,,,,,,,,,,3
2/9/2022,9,12,24,32,40,,,,,,,,,,,,,1
2/10/2022,3,28,36,46,53,,,,,,,,,,,,,2
2/11/2022,19,20,25,55,57,,,,,,,,,,,,,2
2/12/2022,20,21,25,30,41,,,,,,,,,,,,,1
2/13/2022,6,16,31,46,50,,,,,,,,,,,,,1
2/14/2022,18,22,29,37,40,,,,,,,,,,,,,4
2/15/2022,14,27,36,41,53,,,,,,,,,,,,,1
2/16/2022,2,7,14,21,25,,,,,,,,,,,,,2
2/17/2022,9,11,14,21,35,,,,,,,,,,,,,2
2/18/2022,13,34,43,48,52,,,,,,,,,,,,,1
2/19/2022,2,21,31,45,59,,,,,,,,,,,,,2
2/20/2022,13,15,24,25,54,,,,,,,,,,,,,3
2/21/2022,4,40,42,54,58,,,,,,,,,,,,,4
2/22/2022,4,14,16,17,52,,,,,,,,,,,,,3
2/23/2022,27,36,40,46,53,,,,,,,,,,,,,2
2/24/2022,16,21,27,56,58,,,,,,,,,,,,,2
2/25/2022,6,40,48,50,52,,,,,,,,,,,,,4
2/26/2022,4,42,44,51,54,,,,,,,,,,,,,4
2/27/2022,32,36,41,58,60,,,,,,,,,,,,,2
2/28/2022,17,21,27,30,54,,,,,,,,,,,,,1
3/1/2022,29,31,39,48,59,,,,,,,,,,,,,3
3/2/2022,7,30,45,47,54,,,,,,,,,,,,,4
3/3/2022,10,28,31,32,58,,,,,,,,,,,,,1
3/4/2022,7,10,11,15,50,,,,,,,,,,,,,2
3/5/2022,17,37,40,42,45,,,,,,,,,,,,,3
3/6/2022,8,13,39,55,59,,,,,,,,,,,,,1
3/7/2022,12,13,15,26,55,,,,,,,,,,,,,2
3/8/2022,11,15,44,50,51,,,,,,,,,,,,,1
3/9/2022,12,21,23,37,56,,,,,,,,,,,,,2
3/10/2022,9,13,43,53,55,,,,,,,,,,,,,1
3/11/2022,6,21,31,36,59,,,,,,,,,,,,,1
3/12/2022,4,34,38,39,44,,,,,,,,,,,,,2
3/13/2022,7,15,16,18,60,,,,,,,,,,,,,4
3/14/2022,9,19,27,45,55,,,,,,,,,,,,,3
3/15/2022,7,14,25,47,49,,,,,,,,,,,,,4
3/16/2022,10,11,13,26,29,,,,,,,,,,,,,3
3/17/2022,5,9,14,34,58,,,,,,,,,,,,,1
3/18/2022,7,10,13,41,60,,,,,,,,,,,,,1
3/19/2022,4,24,29,32,50,,,,,,,,,,,,,1
3/20/2022,5,6,12,26,40,,,,,,,,,,,,,1
3/21/2022,26,45,49,51,52,,,,,,,,,,,,,1
3/22/2022,5,19,49,54,60,,,,,,,,,,,,,4
3/23/2022,12,21,25,46,50,,,,,,,,,,,,,4
3/24/2022,35,46,47,49,56,,,,,,,,,,,,,3
3/25/2022,2,5,8,21,55,,,,,,,,,,,,,3
3/26/2022,3,15,38,42,48,,,,,,,,,,,,,3
3/27/2022,12,18,26,42,58,,,,,,,,,,,,,4
3/28/2022,8,17,24,44,48,,,,,,,,,,,,,1
3/29/2022,10,40,44,46,60,,,,,,,,,,,,,1
3/30/2022,5,23,42,56,57,,,,,,,,,,,,,3
3/31/2022,1,2,27,29,30,,,,,,,,,,,,,1
4/1/2022,3,28,55,56,58,,,,,,,,,,,,,2
4/2/2022,3,14,16,33,52,,,,,,,,,,,,,1
4/3/2022,3,7,14,26,39,,,,,,,,,,,,,1
4/4/2022,16,21,43,49,53,,,,,,,,,,,,,4
4/5/2022,13,24,31,42,53,,,,,,,,,,,,,3
4/6/2022,18,20,43,53,60,,,,,,,,,,,,,3
4/7/2022,8,21,30,35,55,,,,,,,,,,,,,2
4/8/2022,21,25,45,46,54,,,,,,,,,,,,,2
4/9/2022,4,24,36,47,49,,,,,,,,,,,,,2
4/10/2022,4,22,25,28,38,,,,,,,,,,,,,2
4/11/2022,14,37,38,54,59,,,,,,,,,,,,,2
4/12/2022,18,31,38,52,53,,,,,,,,,,,,,2
4/13/2022,2,4,34,38,60,,,,,,,,,,,,,4
4/14/2022,15,16,26,27,46,,,,,,,,,,,,,3
4/15/2022,28,34,44,53,56,,,,,,,,,,,,,2
4/16/2022,3,13,28,42,59,,,,,,,,,,,,,1
4/17/2022,14,27,40,57,59,,,,,,,,,,,,,2
4/18/2022,5,33,37,41,50,,,,,,,,,,,,,3
4/19/2022,2,8,16,37,45,,,,,,,,,,,,,1
4/20/2022,28,33,48,53,55,,,,,,,,,,,,,3
4/21/2022,10,11,22,25,29,,,,,,,,,,,,,1
4/22/2022,14,23,24,26,39,,,,,,,,,,,,,4
4/23/2022,8,16,31,43,55,,,,,,,,,,,,,1
4/24/2022,7,14,33,46,48,,,,,,,,,,,,,4
4/25/2022,1,8,9,12,14,,,,,,,,,,,,,4
4/26/2022,12,31,35,53,57,,,,,,,,,,,,,2
4/27/2022,20,26,30,44,50,,,,,,,,,,,,,2
4/28/2022,15,23,46,55,57,,,,,,,,,,,,,4
4/29/2022,6,9,41,45,47,,,,,,,,,,,,,3
4/30/2022,2,3,13,54,57,,,,,,,,,,,,,4
5/1/2022,4,6,52,55,59,,,,,,,,,,,,,1
5/2/2022,17,28,31,41,43,,,,,,,,,,,,,3
5/3/2022,8,22,23,35,51,,,,,,,,,,,,,4
5/4/2022,8,21,22,34,53,,,,,,,,,,,,,2
5/5/2022,15,23,29,39,54,,,,,,,,,,,,,4
5/6/2022,3,4,14,53,60,,,,,,,,,,,,,2
5/7/2022,30,37,40,54,59,,,,,,,,,,,,,3
5/8/2022,1,12,34,45,48,,,,,,,,,,,,,2
5/9/2022,2,13,29,45,50,,,,,,,,,,,,,1
5/10/2022,1,8,34,36,48,,,,,,,,,,,,,1
5/11/2022,8,19,44,47,50,,,,,,,,,,,,,2
5/12/2022,17,40,41,53,60,,,,,,,,,,,,,2
5/13/2022,30,38,47,57,59,,,,,,,,,,,,,4
5/14/2022,4,6,10,20,26,,,,,,,,,,,,,3
5/15/2022,12,18,22,32,47,,,,,,,,,,,,,2
5/16/2022,5,26,48,50,54,,,,,,,,,,,,,2
5/17/2022,23,24,30,41,49,,,,,,,,,,,,,3
5/18/2022,19,41,49,58,60,,,,,,,,,,,,,3
5/19/2022,41,47,51,58,60,,,,,,,,,,,,,1
5/20/2022,2,38,43,47,55,,,,,,,,,,,,,3
5/21/2022,2,8,10,12,42,,,,,,,,,,,,,1
5/22/2022,8,21,25,34,59,,,,,,,,,,,,,4
5/23/2022,7,10,33,41,59,,,,,,,,,,,,,3
5/24/2022,7,22,26,30,40,,,,,,,,,,,,,1
5/25/2022,8,11,39,46,47,,,,,,,,,,,,,1
5/26/2022,3,9,33,57,58,,,,,,,,,,,,,4
5/27/2022,9,12,27,49,50,,,,,,,,,,,,,1
5/28/2022,9,11,23,32,39,,,,,,,,,,,,,3
5/29/2022,2,6,14,34,36,,,,,,,,,,,,,3
5/30/2022,24,33,47,49,52,,,,,,,,,,,,,1
5/31/2022,25,34,35,56,58,,,,,,,,,,,,,1
6/1/2022,1,27,33,37,42,,,,,,,,,,,,,3
6/2/2022,12,40,54,55,60,,,,,,,,,,,,,4
6/3/2022,9,22,23,51,55,,,,,,,,,,,,,1
6/4/2022,8,24,27,49,59,,,,,,,,,,,,,2
6/5/2022,39,43,46,47,52,,,,,,,,,,,,,3
6/6/2022,13,20,48,49,51,,,,,,,,,,,,,4
6/7/2022,9,33,49,50,59,,,,,,,,,,,,,1
6/8/2022,12,13,16,20,42,,,,,,,,,,,,,2
6/9/2022,1,7,24,53,56,,,,,,,,,,,,,2
6/10/2022,7,8,22,33,38,,,,,,,,,,,,,2
6/11/2022,7,17,23,50,59,,,,,,,,,,,,,1
6/12/2022,4,18,25,46,59,,,,,,,,,,,,,2
6/13/2022,15,42,51,52,59,,,,,,,,,,,,,2
6/14/2022,8,17,27,31,44,,,,,,,,,,,,,3
6/15/2022,8,15,40,50,56,,,,,,,,,,,,,3
6/16/2022,1,4,11,28,43,,,,,,,,,,,,,4
6/17/2022,11,13,42,55,57,,,,,,,,,,,,,2
6/18/2022,8,12,25,41,58,,,,,,,,,,,,,1
6/19/2022,1,6,20,36,51,,,,,,,,,,,,,3
6/20/2022,13,20,32,44,57,,,,,,,,,,,,,2
6/21/2022,22,25,43,48,59,,,,,,,,,,,,,2
6/22/2022,14,16,20,26,34,,,,,,,,,,,,,2
6/23/2022,2,10,40,52,56,,,,,,,,,,,,,1
6/24/2022,13,48,49,50,60,,,,,,,,,,,,,2
6/25/2022,3,46,49,55,60,,,,,,,,,,,,,2
6/26/2022,2,36,37,44,52,,,,,,,,,,,,,3
6/27/2022,9,21,34,44,48,,,,,,,,,,,,,2
6/28/2022,21,34,36,38,45,,,,,,,,,,,,,4
6/29/2022,9,27,29,33,51,,,,,,,,,,,,,2
6/30/2022,6,9,20,31,34,,,,,,,,,,,,,3
7/1/2022,11,15,25,39,43,,,,,,,,,,,,,4
7/2/2022,15,17,23,35,39,,,,,,,,,,,,,1
7/3/2022,3,12,19,34,49,,,,,,,,,,,,,4
7/4/2022,5,10,19,22,43,,,,,,,,,,,,,1
7/5/2022,8,26,37,38,57,,,,,,,,,,,,,2
7/6/2022,8,14,42,45,58,,,,,,,,,,,,,4
7/7/2022,28,31,37,47,58,,,,,,,,,,,,,2
7/8/2022,7,20,25,42,45,,,,,,,,,,,,,2
7/9/2022,14,30,34,40,48,,,,,,,,,,,,,4
7/10/2022,1,5,11,21,33,,,,,,,,,,,,,4
7/11/2022,2,10,15,22,29,,,,,,,,,,,,,4
7/12/2022,8,28,35,46,57,,,,,,,,,,,,,2
7/13/2022,6,10,18,41,50,,,,,,,,,,,,,4
7/14/2022,5,22,23,44,59,,,,,,,,,,,,,1
7/15/2022,4,6,7,17,46,,,,,,,,,,,,,4
7/16/2022,4,30,44,52,55,,,,,,,,,,,,,1
7/17/2022,26,27,32,47,55,,,,,,,,,,,,,3
7/18/2022,7,20,22,30,46,,,,,,,,,,,,,1
7/19/2022,3,36,38,42,51,,,,,,,,,,,,,2
7/20/2022,25,26,39,42,56,,,,,,,,,,,,,4
7/21/2022,7,10,19,21,54,,,,,,,,,,,,,3
7/22/2022,1,15,19,26,49,,,,,,,,,,,,,2
7/23/2022,4,7,25,41,53,,,,,,,,,,,,,3
7/24/2022,1,7,15,16,51,,,,,,,,,,,,,2
7/25/2022,25,30,33,39,49,,,,,,,,,,,,,4
7/26/2022,11,25,26,41,45,,,,,,,,,,,,,3
7/27/2022,16,32,38,39,48,,,,,,,,,,,,,2
7/28/2022,14,24,29,47,56,,,,,,,,,,,,,2
7/29/2022,6,7,31,38,41,,,,,,,,,,,,,4
7/30/2022,20,24,31,39,60,,,,,,,,,,,,,3
7/31/2022,16,23,29,59,60,,,,,,,,,,,,,2
8/1/2022,11,20,36,40,46,,,,,,,,,,,,,3
8/2/2022,3,21,36,44,50,,,,,,,,,,,,,4
8/3/2022,2,13,42,47,48,,,,,,,,,,,,,1
8/4/2022,6,14,19,45,53,,,,,,,,,,,,,1
8/5/2022,6,20,21,26,57,,,,,,,,,,,,,2
8/6/2022,13,16,42,57,58,,,,,,,,,,,,,1
8/7/2022,7,27,34,42,50,,,,,,,,,,,,,1
8/8/2022,24,26,50,51,58,,,,,,,,,,,,,2
8/9/2022,9,25,43,44,52,,,,,,,,,,,,,1
8/10/2022,15,26,45,49,53,,,,,,,,,,,,,2
8/11/2022,2,7,13,20,52,,,,,,,,,,,,,3
8/12/2022,23,29,56,58,59,,,,,,,,,,,,,2
8/13/2022,5,9,27,33,57,,,,,,,,,,,,,2
8/14/2022,12,21,45,51,57,,,,,,,,,,,,,4
8/15/2022,10,11,17,42,58,,,,,,,,,,,,,4
8/16/2022,4,22,38,48,58,,,,,,,,,,,,,3
8/17/2022,31,33,39,48,53,,,,,,,,,,,,,4
8/18/2022,2,19,25,26,60,,,,,,,,,,,,,2
8/19/2022,9,16,51,57,59,,,,,,,,,,,,,1
8/20/2022,13,23,37,57,60,,,,,,,,,,,,,1
8/21/2022,2,21,30,48,58,,,,,,,,,,,,,1
8/22/2022,5,14,48,51,57,,,,,,,,,,,,,2
8/23/2022,6,20,21,34,49,,,,,,,,,,,,,4
8/24/2022,7,15,33,42,53,,,,,,,,,,,,,1
8/25/2022,10,27,29,51,59,,,,,,,,,,,,,2
8/26/2022,1,18,23,39,55,,,,,,,,,,,,,3
8/27/2022,5,19,20,23,38,,,,,,,,,,,,,4
8/28/2022,16,23,27,29,57,,,,,,,,,,,,,3
8/29/2022,1,2,24,31,51,,,,,,,,,,,,,3
8/30/2022,2,5,14,40,48,,,,,,,,,,,,,4
8/31/2022,9,19,31,39,54,,,,,,,,,,,,,3
9/1/2022,2,15,26,50,54,,,,,,,,,,,,,3
9/2/2022,2,21,27,39,49,,,,,,,,,,,,,2
9/3/2022,17,34,36,56,60,,,,,,,,,,,,,2
9/4/2022,10,11,20,28,36,,,,,,,,,,,,,1
9/5/2022,8,12,25,43,55,,,,,,,,,,,,,4
9/6/2022,1,13,17,57,60,,,,,,,,,,,,,3
9/7/2022,2,14,39,47,59,,,,,,,,,,,,,3
9/8/2022,21,48,49,54,55,,,,,,,,,,,,,2
9/9/2022,27,36,39,48,50,,,,,,,,,,,,,3
9/10/2022,6,23,34,48,52,,,,,,,,,,,,,3
9/11/2022,14,23,27,32,51,,,,,,,,,,,,,1
9/12/2022,21,31,37,42,60,,,,,,,,,,,,,1
9/13/2022,9,24,27,31,55,,,,,,,,,,,,,3
9/14/2022,14,21,25,33,44,,,,,,,,,,,,,1
9/15/2022,2,3,25,43,57,,,,,,,,,,,,,4
9/16/2022,8,18,42,48,56,,,,,,,,,,,,,4
9/17/2022,2,21,32,42,54,,,,,,,,,,,,,4
9/18/2022,8,41,45,50,54,,,,,,,,,,,,,3
9/19/2022,16,18,37,48,54,,,,,,,,,,,,,4
9/20/2022,1,10,28,44,45,,,,,,,,,,,,,1
9/21/2022,1,4,43,48,60,,,,,,,,,,,,,2
9/22/2022,3,6,10,26,40,,,,,,,,,,,,,1
9/23/2022,13,24,31,43,50,,,,,,,,,,,,,2
9/24/2022,10,22,47,57,60,,,,,,,,,,,,,1
9/25/2022,6,13,35,43,53,,,,,,,,,,,,,4
9/26/2022,1,8,11,31,57,,,,,,,,,,,,,1
9/27/2022,4,10,30,46,52,,,,,,,,,,,,,2
9/28/2022,23,44,47,50,57,,,,,,,,,,,,,3
9/29/2022,1,3,26,44,59,,,,,,,,,,,,,2
9/30/2022,16,33,46,53,58,,,,,,,,,,,,,3
10/1/2022,6,14,23,32,33,,,,,,,,,,,,,2
10/2/2022,5,18,27,34,54,,,,,,,,,,,,,2
10/3/2022,12,25,30,42,52,,,,,,,,,,,,,1
10/4/2022,9,15,32,40,42,,,,,,,,,,,,,3
10/5/2022,15,38,44,54,55,,,,,,,,,,,,,1
10/6/2022,13,14,29,53,55,,,,,,,,,,,,,2
10/7/2022,11,12,37,40,48,,,,,,,,,,,,,2
10/8/2022,15,30,34,42,49,,,,,,,,,,,,,3
10/9/2022,4,8,17,36,39,,,,,,,,,,,,,2
10/10/2022,18,22,40,42,56,,,,,,,,,,,,,1
10/11/2022,6,7,14,39,43,,,,,,,,,,,,,2
10/12/2022,13,16,26,27,51,,,,,,,,,,,,,1
10/13/2022,15,17,32,42,59,,,,,,,,,,,,,1
10/14/2022,5,9,27,35,46,,,,,,,,,,,,,3
10/15/2022,25,41,54,56,58,,,,,,,,,,,,,3
10/16/2022,14,16,30,59,60,,,,,,,,,,,,,1
10/17/2022,11,23,24,29,45,,,,,,,,,,,,,4
10/18/2022,15,25,47,53,56,,,,,,,,,,,,,4
10/19/2022,20,29,30,48,59,,,,,,,,,,,,,3
10/20/2022,11,39,42,53,55,,,,,,,,,,,,,1
10/21/2022,15,17,42,44,53,,,,,,,,,,,,,1
10/22/2022,2,21,29,30,32,,,,,,,,,,,,,4
10/23/2022,7,18,24,32,35,,,,,,,,,,,,,1
10/24/2022,6,15,45,48,53,,,,,,,,,,,,,1
10/25/2022,9,23,27,46,49,,,,,,,,,,,,,4
10/26/2022,32,44,46,54,59,,,,,,,,,,,,,1
10/27/2022,6,21,32,55,59,,,,,,,,,,,,,3
10/28/2022,14,23,27,32,48,,,,,,,,,,,,,4
10/29/2022,3,25,37,55,59,,,,,,,,,,,,,3
10/30/2022,7,9,22,58,60,,,,,,,,,,,,,3
10/31/2022,14,26,31,37,41,,,,,,,,,,,,,2
11/1/2022,18,24,25,43,52,,,,,,,,,,,,,1
11/2/2022,26,28,43,53,56,,,,,,,,,,,,,3
11/3/2022,18,22,38,43,56,,,,,,,,,,,,,3
11/4/2022,9,17,19,34,37,,,,,,,,,,,,,3
11/5/2022,6,21,34,37,42,,,,,,,,,,,,,3
11/6/2022,12,20,27,32,33,,,,,,,,,,,,,4
11/7/2022,18,19,25,33,41,,,,,,,,,,,,,1
11/8/2022,2,22,25,28,44,,,,,,,,,,,,,2
11/9/2022,2,3,4,14,26,,,,,,,,,,,,,4
11/10/2022,2,4,5,6,58,,,,,,,,,,,,,3
11/11/2022,2,13,33,44,52,,,,,,,,,,,,,1
11/12/2022,6,19,23,43,53,,,,,,,,,,,,,2
11/13/2022,14,25,30,44,54,,,,,,,,,,,,,3
11/14/2022,4,9,12,41,53,,,,,,,,,,,,,2
11/15/2022,7,33,34,40,45,,,,,,,,,,,,,4
11/16/2022,1,33,48,52,55,,,,,,,,,,,,,2
11/17/2022,5,22,40,48,57,,,,,,,,,,,,,3
11/18/2022,31,35,38,49,56,,,,,,,,,,,,,1
11/19/2022,2,3,35,42,58,,,,,,,,,,,,,3
11/20/2022,12,36,42,43,59,,,,,,,,,,,,,1
11/21/2022,7,26,31,37,44,,,,,,,,,,,,,1
11/22/2022,4,12,20,45,53,,,,,,,,,,,,,1
11/23/2022,4,16,48,58,59,,,,,,,,,,,,,2
11/24/2022,4,21,46,56,59,,,,,,,,,,,,,1
11/25/2022,9,12,19,36,54,,,,,,,,,,,,,4
11/26/2022,11,18,41,44,58,,,,,,,,,,,,,2
11/27/2022,18,23,24,58,59,,,,,,,,,,,,,1
11/28/2022,20,24,40,48,59,,,,,,,,,,,,,4
11/29/2022,4,29,48,54,58,,,,,,,,,,,,,1
11/30/2022,18,21,24,33,44,,,,,,,,,,,,,3
12/1/2022,6,10,25,35,50,,,,,,,,,,,,,4
12/2/2022,10,14,16,40,58,,,,,,,,,,,,,3
12/3/2022,11,32,36,42,57,,,,,,,,,,,,,2
12/4/2022,22,28,32,49,55,,,,,,,,,,,,,2
12/5/2022,25,36,50,59,60,,,,,,,,,,,,,2
12/6/2022,21,29,34,36,41,,,,,,,,,,,,,3
12/7/2022,5,25,26,34,52,,,,,,,,,,,,,1
12/8/2022,24,33,46,51,54,,,,,,,,,,,,,1
12/9/2022,7,14,17,34,56,,,,,,,,,,,,,1
12/10/2022,5,14,21,31,50,,,,,,,,,,,,,1
12/11/2022,4,21,42,55,58,,,,,,,,,,,,,4
12/12/2022,5,18,21,50,52,,,,,,,,,,,,,1
12/13/2022,10,25,26,29,47,,,,,,,,,,,,,3
12/14/2022,12,25,41,57,58,,,,,,,,,,,,,3
12/15/2022,5,8,11,14,29,,,,,,,,,,,,,3
12/16/2022,10,24,40,44,56,,,,,,,,,,,,,4
12/17/2022,11,15,42,43,60,,,,,,,,,,,,,3
12/18/2022,2,15,25,43,49,,,,,,,,,,,,,3
12/19/2022,13,40,44,48,49,,,,,,,,,,,,,3
12/20/2022,22,24,27,29,42,,,,,,,,,,,,,3
12/21/2022,17,25,26,51,58,,,,,,,,,,,,,2
12/22/2022,1,6,11,28,33,,,,,,,,,,,,,4
12/23/2022,6,27,28,39,49,,,,,,,,,,,,,1
12/24/2022,10,18,33,37,40,,,,,,,,,,,,,2
12/25/2022,1,32,37,53,56,,,,,,,,,,,,,4
12/26/2022,7,10,24,29,51,,,,,,,,,,,,,3
12/27/2022,6,34,36,53,56,,,,,,,,,,,,,3
12/28/2022,10,23,35,39,59,,,,,,,,,,,,,4
12/29/2022,13,14,21,44,46,,,,,,,,,,,,,3
12/30/2022,1,6,28,30,60,,,,,,,,,,,,,4
12/31/2022,1,4,6,25,60,,,,,,,,,,,,,4
1/1/2023,15,26,31,44,53,,,,,,,,,,,,,4
1/2/2023,1,9,13,17,45,,,,,,,,,,,,,4
1/3/2023,5,14,27,46,53,,,,,,,,,,,,,2
1/4/2023,1,5,6,28,41,,,,,,,,,,,,,3
1/5/2023,36,37,43,45,48,,,,,,,,,,,,,1
1/6/2023,8,10,24,27,39,,,,,,,,,,,,,1
1/7/2023,7,13,19,58,60,,,,,,,,,,,,,3
1/8/2023,1,10,23,32,54,,,,,,,,,,,,,1
1/9/2023,1,7,8,17,52,,,,,,,,,,,,,2
1/10/2023,3,15,44,53,57,,,,,,,,,,,,,4
1/11/2023,13,20,26,44,46,,,,,,,,,,,,,3
1/12/2023,13,16,19,43,44,,,,,,,,,,,,,4
1/13/2023,1,13,16,20,50,,,,,,,,,,,,,2
1/14/2023,12,19,24,27,45,,,,,,,,,,,,,4
1/15/2023,23,27,34,43,44,,,,,,,,,,,,,3
1/16/2023,22,28,32,44,54,,,,,,,,,,,,,3
1/17/2023,1,5,26,38,48,,,,,,,,,,,,,2
1/18/2023,8,22,39,41,47,,,,,,,,,,,,,2
1/19/2023,11,19,33,43,53,,,,,,,,,,,,,3
1/20/2023,13,28,53,54,58,,,,,,,,,,,,,1
1/21/2023,4,21,28,32,36,,,,,,,,,,,,,4
1/22/2023,18,23,30,42,48,,,,,,,,,,,,,2
1/23/2023,16,17,21,30,60,,,,,,,,,,,,,2
1/24/2023,11,22,46,47,54,,,,,,,,,,,,,1
1/25/2023,9,23,27,45,58,,,,,,,,,,,,,2
1/26/2023,2,8,27,44,57,,,,,,,,,,,,,1
1/27/2023,9,18,34,38,49,,,,,,,,,,,,,3
1/28/2023,39,40,42,45,51,,,,,,,,,,,,,1
1/29/2023,7,31,47,54,56,,,,,,,,,,,,,2
1/30/2023,36,43,46,55,59,,,,,,,,,,,,,3
1/31/2023,5,11,24,26,46,,,,,,,,,,,,,1
2/1/2023,3,14,29,39,52,,,,,,,,,,,,,1
2/2/2023,14,16,30,50,53,,,,,,,,,,,,,3
2/3/2023,23,28,34,48,53,,,,,,,,,,,,,3
2/4/2023,15,37,44,49,54,,,,,,,,,,,,,2
2/5/2023,18,20,34,36,44,,,,,,,,,,,,,1
2/6/2023,5,8,28,30,55,,,,,,,,,,,,,4
2/7/2023,22,26,31,57,58,,,,,,,,,,,,,4
2/8/2023,1,5,7,30,36,,,,,,,,,,,,,2
2/9/2023,12,17,24,35,45,,,,,,,,,,,,,2
2/10/2023,5,8,30,43,46,,,,,,,,,,,,,1
2/11/2023,11,19,24,49,57,,,,,,,,,,,,,1
2/12/2023,10,12,34,44,53,,,,,,,,,,,,,4
2/13/2023,9,11,12,30,38,,,,,,,,,,,,,3
2/14/2023,6,16,26,49,60,,,,,,,,,,,,,1
2/15/2023,4,18,35,48,50,,,,,,,,,,,,,4
2/16/2023,14,17,27,28,48,,,,,,,,,,,,,1
2/17/2023,6,26,36,43,45,,,,,,,,,,,,,3
2/18/2023,2,7,9,27,51,,,,,,,,,,,,,2
2/19/2023,8,37,43,56,57,,,,,,,,,,,,,3
2/20/2023,13,21,23,49,51,,,,,,,,,,,,,2
2/21/2023,7,20,30,31,52,,,,,,,,,,,,,3
2/22/2023,23,30,35,37,51,,,,,,,,,,,,,2
2/23/2023,15,16,28,44,57,,,,,,,,,,,,,1
2/24/2023,15,21,39,45,49,,,,,,,,,,,,,1
2/25/2023,9,12,34,35,56,,,,,,,,,,,,,2
2/26/2023,13,17,18,50,60,,,,,,,,,,,,,4
2/27/2023,7,26,33,50,53,,,,,,,,,,,,,3
2/28/2023,3,7,19,38,51,,,,,,,,,,,,,4
3/1/2023,3,5,22,46,56,,,,,,,,,,,,,1
3/2/2023,5,9,15,29,60,,,,,,,,,,,,,2
3/3/2023,25,38,57,59,60,,,,,,,,,,,,,3
3/4/2023,2,5,16,18,59,,,,,,,,,,,,,4
3/5/2023,3,13,41,47,52,,,,,,,,,,,,,1
3/6/2023,16,22,23,26,49,,,,,,,,,,,,,1
3/7/2023,2,4,22,26,51,,,,,,,,,,,,,1
3/8/2023,2,15,20,39,42,,,,,,,,,,,,,1
3/9/2023,12,37,42,48,56,,,,,,,,,,,,,1
3/10/2023,15,18,29,38,39,,,,,,,,,,,,,2
3/11/2023,14,27,46,51,53,,,,,,,,,,,,,3
3/12/2023,16,20,25,40,56,,,,,,,,,,,,,4
3/13/2023,8,15,34,35,57,,,,,,,,,,,,,1
3/14/2023,1,11,27,41,44,,,,,,,,,,,,,4
3/15/2023,10,20,24,47,50,,,,,,,,,,,,,4
3/16/2023,13,24,31,33,37,,,,,,,,,,,,,3
3/17/2023,7,9,30,38,59,,,,,,,,,,,,,1
3/18/2023,16,23,26,36,37,,,,,,,,,,,,,2
3/19/2023,2,8,19,47,52,,,,,,,,,,,,,4
3/20/2023,32,34,38,44,45,,,,,,,,,,,,,4
3/21/2023,20,32,36,45,56,,,,,,,,,,,,,1
3/22/2023,1,10,22,30,36,,,,,,,,,,,,,2
3/23/2023,6,19,21,26,41,,,,,,,,,,,,,3
3/24/2023,4,7,22,51,52,,,,,,,,,,,,,4
3/25/2023,15,18,19,45,58,,,,,,,,,,,,,4
3/26/2023,5,26,28,43,45,,,,,,,,,,,,,1
3/27/2023,6,29,37,38,46,,,,,,,,,,,,,3
3/28/2023,35,40,43,49,54,,,,,,,,,,,,,3
3/29/2023,2,13,16,39,46,,,,,,,,,,,,,2
3/30/2023,15,25,35,44,47,,,,,,,,,,,,,2
3/31/2023,12,13,34,35,36,,,,,,,,,,,,,4
4/1/2023,14,17,30,38,45,,,,,,,,,,,,,1
4/2/2023,4,21,37,50,54,,,,,,,,,,,,,4
4/3/2023,8,25,44,51,55,,,,,,,,,,,,,4
4/4/2023,6,10,27,29,43,,,,,,,,,,,,,1
4/5/2023,3,16,18,32,37,,,,,,,,,,,,,4
4/6/2023,1,5,39,41,60,,,,,,,,,,,,,4
4/7/2023,10,17,20,21,54,,,,,,,,,,,,,4
4/8/2023,24,26,38,50,55,,,,,,,,,,,,,4
4/9/2023,9,16,21,27,28,,,,,,,,,,,,,2
4/10/2023,29,30,35,48,55,,,,,,,,,,,,,4
4/11/2023,1,14,30,45,49,,,,,,,,,,,,,3
4/12/2023,19,29,34,37,46,,,,,,,,,,,,,2
4/13/2023,5,8,29,54,55,,,,,,,,,,,,,3
4/14/2023,3,5,7,30,34,,,,,,,,,,,,,1
4/15/2023,16,19,24,30,53,,,,,,,,,,,,,2
4/16/2023,22,37,44,45,48,,,,,,,,,,,,,3
4/17/2023,10,23,26,39,57,,,,,,,,,,,,,4
4/18/2023,8,12,16,18,21,,,,,,,,,,,,,2
4/19/2023,17,19,20,44,57,,,,,,,,,,,,,3
4/20/2023,9,13,15,39,56,,,,,,,,,,,,,1
4/21/2023,5,13,20,26,40,,,,,,,,,,,,,4
4/22/2023,6,13,32,50,51,,,,,,,,,,,,,1
4/23/2023,9,11,26,46,52,,,,,,,,,,,,,3
4/24/2023,21,22,41,50,51,,,,,,,,,,,,,1
4/25/2023,23,24,29,41,54,,,,,,,,,,,,,2
4/26/2023,1,9,31,55,59,,,,,,,,,,,,,3
4/27/2023,1,4,24,47,58,,,,,,,,,,,,,3
4/28/2023,25,34,44,51,52,,,,,,,,,,,,,4
4/29/2023,11,30,32,39,51,,,,,,,,,,,,,1
4/30/2023,1,29,30,35,55,,,,,,,,,,,,,1
5/1/2023,37,41,42,46,48,,,,,,,,,,,,,4
5/2/2023,6,19,35,49,56,,,,,,,,,,,,,2
5/3/2023,17,26,37,43,53,,,,,,,,,,,,,3
5/4/2023,1,6,13,16,36,,,,,,,,,,,,,3
5/5/2023,14,28,49,54,55,,,,,,,,,,,,,2
5/6/2023,25,31,34,35,52,,,,,,,,,,,,,4
5/7/2023,19,29,31,41,43,,,,,,,,,,,,,3
5/8/2023,4,18,31,34,50,,,,,,,,,,,,,1
5/9/2023,11,28,31,35,37,,,,,,,,,,,,,1
5/10/2023,1,5,8,23,46,,,,,,,,,,,,,1
5/11/2023,11,22,39,50,56,,,,,,,,,,,,,3
5/12/2023,13,15,19,42,45,,,,,,,,,,,,,4
5/13/2023,6,8,33,39,40,,,,,,,,,,,,,3
5/14/2023,5,16,24,29,57,,,,,,,,,,,,,4
5/15/2023,1,6,20,46,54,,,,,,,,,,,,,1
5/16/2023,6,23,33,45,53,,,,,,,,,,,,,4
5/17/2023,14,39,48,58,59,,,,,,,,,,,,,1
5/18/2023,4,16,22,26,47,,,,,,,,,,,,,4
5/19/2023,10,13,32,47,52,,,,,,,,,,,,,2
5/20/2023,13,30,31,37,52,,,,,,,,,,,,,4
5/21/2023,2,3,18,55,56,,,,,,,,,,,,,3
5/22/2023,1,36,39,57,60,,,,,,,,,,,,,2
5/23/2023,13,18,28,31,35,,,,,,,,,,,,,3
5/24/2023,13,37,46,49,56,,,,,,,,,,,,,3
5/25/2023,6,7,16,18,40,,,,,,,,,,,,,2
5/26/2023,18,21,29,43,51,,,,,,,,,,,,,4
5/27/2023,8,32,34,55,57,,,,,,,,,,,,,2
5/28/2023,9,14,22,25,51,,,,,,,,,,,,,4
5/29/2023,20,32,37,43,57,,,,,,,,,,,,,1
5/30/2023,11,13,27,29,50,,,,,,,,,,,,,1
5/31/2023,9,10,13,37,56,,,,,,,,,,,,,3
6/1/2023,20,24,37,41,52,,,,,,,,,,,,,1
6/2/2023,13,28,40,55,57,,,,,,,,,,,,,3
6/3/2023,1,36,49,52,54,,,,,,,,,,,,,4
6/4/2023,29,37,41,45,52,,,,,,,,,,,,,2
6/5/2023,1,5,7,44,52,,,,,,,,,,,,,2
6/6/2023,8,9,17,22,56,,,,,,,,,,,,,2
6/7/2023,9,10,18,24,37,,,,,,,,,,,,,2
6/8/2023,38,46,49,50,59,,,,,,,,,,,,,2
6/9/2023,19,25,47,48,56,,,,,,,,,,,,,1
6/10/2023,15,43,48,51,53,,,,,,,,,,,,,4
6/11/2023,11,22,23,42,57,,,,,,,,,,,,,3
6/12/2023,3,25,35,49,50,,,,,,,,,,,,,4
6/13/2023,11,14,26,41,49,,,,,,,,,,,,,3
6/14/2023,18,28,42,45,54,,,,,,,,,,,,,3
6/15/2023,6,14,15,25,38,,,,,,,,,,,,,2
6/16/2023,27,29,36,38,57,,,,,,,,,,,,,2
6/17/2023,11,14,21,41,58,,,,,,,,,,,,,4
6/18/2023,19,24,26,51,59,,,,,,,,,,,,,3
6/19/2023,5,13,27,33,34,,,,,,,,,,,,,4
6/20/2023,23,34,36,44,45,,,,,,,,,,,,,1
6/21/2023,20,26,29,41,44,,,,,,,,,,,,,1
6/22/2023,9,31,56,57,60,,,,,,,,,,,,,1
6/23/2023,23,32,41,44,49,,,,,,,,,,,,,4
6/24/2023,7,10,14,23,42,,,,,,,,,,,,,3
6/25/2023,5,41,43,48,50,,,,,,,,,,,,,4
6/26/2023,36,38,42,48,60,,,,,,,,,,,,,3
6/27/2023,2,6,10,35,37,,,,,,,,,,,,,3
6/28/2023,8,15,19,29,36,,,,,,,,,,,,,3
6/29/2023,2,13,19,25,29,,,,,,,,,,,,,4
6/30/2023,10,14,22,28,51,,,,,,,,,,,,,4
7/1/2023,7,31,40,57,58,,,,,,,,,,,,,3
7/2/2023,28,31,39,53,60,,,,,,,,,,,,,2
7/3/2023,6,22,30,36,56,,,,,,,,,,,,,1
7/4/2023,3,9,28,30,57,,,,,,,,,,,,,4
7/5/2023,9,22,24,34,41,,,,,,,,,,,,,3
7/6/2023,12,21,27,42,56,,,,,,,,,,,,,3
7/7/2023,11,16,23,45,53,,,,,,,,,,,,,3
7/8/2023,9,17,36,40,51,,,,,,,,,,,,,4
7/9/2023,11,28,30,34,47,,,,,,,,,,,,,1
7/10/2023,4,9,33,38,55,,,,,,,,,,,,,1
7/11/2023,5,10,16,46,53,,,,,,,,,,,,,2
7/12/2023,9,16,36,40,59,,,,,,,,,,,,,1
7/13/2023,4,12,30,33,45,,,,,,,,,,,,,3
7/14/2023,14,27,29,34,46,,,,,,,,,,,,,3
7/15/2023,14,26,28,33,45,,,,,,,,,,,,,4
7/16/2023,12,20,28,44,47,,,,,,,,,,,,,3
7/17/2023,19,28,46,52,53,,,,,,,,,,,,,3
7/18/2023,9,17,47,53,56,,,,,,,,,,,,,1
7/19/2023,28,31,37,46,58,,,,,,,,,,,,,3
7/20/2023,1,4,5,6,39,,,,,,,,,,,,,4
7/21/2023,16,27,31,32,52,,,,,,,,,,,,,1
7/22/2023,20,39,41,42,60,,,,,,,,,,,,,2
7/23/2023,9,15,25,32,53,,,,,,,,,,,,,2
7/24/2023,13,45,51,55,57,,,,,,,,,,,,,4
7/25/2023,1,12,17,44,52,,,,,,,,,,,,,3
7/26/2023,15,21,37,39,42,,,,,,,,,,,,,1
7/27/2023,2,36,37,43,57,,,,,,,,,,,,,2
7/28/2023,27,32,43,45,51,,,,,,,,,,,,,1
7/29/2023,6,11,22,26,53,,,,,,,,,,,,,2
7/30/2023,2,8,22,41,60,,,,,,,,,,,,,3
7/31/2023,9,14,22,24,29,,,,,,,,,,,,,3
8/1/2023,17,20,35,51,52,,,,,,,,,,,,,2
8/2/2023,12,16,19,25,26,,,,,,,,,,,,,1
8/3/2023,11,22,31,43,56,,,,,,,,,,,,,1
8/4/2023,16,48,51,55,60,,,,,,,,,,,,,4
8/5/2023,4,15,21,33,60,,,,,,,,,,,,,4
8/6/2023,5,9,39,49,58,,,,,,,,,,,,,4
8/7/2023,10,16,31,36,45,,,,,,,,,,,,,1
8/8/2023,13,18,39,52,60,,,,,,,,,,,,,4
8/9/2023,17,21,29,34,48,,,,,,,,,,,,,1
8/10/2023,38,44,50,51,53,,,,,,,,,,,,,3
8/11/2023,8,18,38,44,48,,,,,,,,,,,,,3
8/12/2023,13,15,45,53,59,,,,,,,,,,,,,2
8/13/2023,1,3,43,47,59,,,,,,,,,,,,,2
8/14/2023,13,27,28,52,59,,,,,,,,,,,,,1
8/15/2023,10,14,15,30,50,,,,,,,,,,,,,2
8/16/2023,26,35,57,58,59,,,,,,,,,,,,,4
8/17/2023,9,14,22,27,39,,,,,,,,,,,,,4
8/18/2023,3,8,42,44,47,,,,,,,,,,,,,4
8/19/2023,24,29,37,49,54,,,,,,,,,,,,,1
8/20/2023,5,28,32,39,54,,,,,,,,,,,,,4
8/21/2023,5,21,45,51,53,,,,,,,,,,,,,2
8/22/2023,1,15,40,44,55,,,,,,,,,,,,,3
8/23/2023,3,27,29,30,47,,,,,,,,,,,,,1
8/24/2023,9,13,23,30,51,,,,,,,,,,,,,1
8/25/2023,33,38,44,45,58,,,,,,,,,,,,,3
8/26/2023,13,44,50,52,55,,,,,,,,,,,,,2
8/27/2023,16,42,48,51,58,,,,,,,,,,,,,3
8/28/2023,15,21,33,40,44,,,,,,,,,,,,,3
8/29/2023,4,18,23,51,53,,,,,,,,,,,,,1
8/30/2023,3,16,18,20,46,,,,,,,,,,,,,4
8/31/2023,18,26,37,44,55,,,,,,,,,,,,,4
9/1/2023,7,18,20,31,46,,,,,,,,,,,,,1
9/2/2023,7,35,38,57,59,,,,,,,,,,,,,3
9/3/2023,13,23,53,58,59,,,,,,,,,,,,,4
9/4/2023,3,38,40,44,50,,,,,,,,,,,,,2
9/5/2023,7,19,43,54,56,,,,,,,,,,,,,1
9/6/2023,2,10,32,47,53,,,,,,,,,,,,,2
9/7/2023,15,26,28,51,54,,,,,,,,,,,,,3
9/8/2023,1,2,24,46,49,,,,,,,,,,,,,3
9/9/2023,2,6,41,55,57,,,,,,,,,,,,,2
9/10/2023,20,21,25,43,45,,,,,,,,,,,,,4
9/11/2023,1,9,19,28,52,,,,,,,,,,,,,1
9/12/2023,8,33,40,46,57,,,,,,,,,,,,,2
9/13/2023,1,31,51,56,60,,,,,,,,,,,,,2
9/14/2023,9,17,39,48,59,,,,,,,,,,,,,3
9/15/2023,2,4,21,24,51,,,,,,,,,,,,,4
9/16/2023,5,8,19,45,47,,,,,,,,,,,,,3
9/17/2023,8,29,44,59,60,,,,,,,,,,,,,3
9/18/2023,6,42,49,52,55,,,,,,,,,,,,,2
9/19/2023,2,3,6,18,19,,,,,,,,,,,,,1
9/20/2023,10,15,41,43,51,,,,,,,,,,,,,4
9/21/2023,8,16,19,47,60,,,,,,,,,,,,,4
9/22/2023,2,32,49,57,59,,,,,,,,,,,,,2
9/23/2023,15,19,23,38,55,,,,,,,,,,,,,4
9/24/2023,6,8,42,54,60,,,,,,,,,,,,,2
9/25/2023,13,16,22,50,54,,,,,,,,,,,,,4
9/26/2023,8,9,12,24,59,,,,,,,,,,,,,1
9/27/2023,6,18,34,36,47,,,,,,,,,,,,,1
9/28/2023,3,9,14,28,52,,,,,,,,,,,,,2
9/29/2023,6,8,25,32,50,,,,,,,,,,,,,4
9/30/2023,10,13,15,23,40,,,,,,,,,,,,,1
10/1/2023,3,41,42,46,53,,,,,,,,,,,,,3
10/2/2023,6,28,49,52,59,,,,,,,,,,,,,1
10/3/2023,7,10,14,24,55,,,,,,,,,,,,,3
10/4/2023,8,15,26,33,60,,,,,,,,,,,,,2
10/5/2023,11,19,37,49,52,,,,,,,,,,,,,1
10/6/2023,17,30,34,39,52,,,,,,,,,,,,,4
10/7/2023,3,9,14,26,53,,,,,,,,,,,,,3
10/8/2023,2,10,31,52,53,,,,,,,,,,,,,2
10/9/2023,9,24,46,58,59,,,,,,,,,,,,,4
10/10/2023,8,12,24,39,60,,,,,,,,,,,,,4
10/11/2023,1,9,27,42,56,,,,,,,,,,,,,1
10/12/2023,7,10,15,31,60,,,,,,,,,,,,,4
10/13/2023,12,16,24,37,55,,,,,,,,,,,,,4
10/14/2023,8,12,23,42,43,,,,,,,,,,,,,3
10/15/2023,3,6,11,15,17,,,,,,,,,,,,,3
10/16/2023,13,15,16,19,33,,,,,,,,,,,,,1
10/17/2023,5,12,17,18,29,,,,,,,,,,,,,3
10/18/2023,2,16,18,43,57,,,,,,,,,,,,,3
10/19/2023,3,7,44,47,55,,,,,,,,,,,,,3
10/20/2023,5,13,22,27,57,,,,,,,,,,,,,2
10/21/2023,6,9,14,21,29,,,,,,,,,,,,,4
10/22/2023,17,18,32,36,42,,,,,,,,,,,,,3
10/23/2023,8,9,30,38,59,,,,,,,,,,,,,1
10/24/2023,17,36,43,46,58,,,,,,,,,,,,,1
10/25/2023,11,16,21,25,45,,,,,,,,,,,,,2
10/26/2023,22,30,32,43,51,,,,,,,,,,,,,3
10/27/2023,10,12,25,38,51,,,,,,,,,,,,,1
10/28/2023,24,35,54,55,58,,,,,,,,,,,,,3
10/29/2023,11,15,33,38,48,,,,,,,,,,,,,4
10/30/2023,2,25,32,40,47,,,,,,,,,,,,,2
10/31/2023,5,14,37,54,59,,,,,,,,,,,,,3
11/1/2023,7,10,14,47,48,,,,,,,,,,,,,1
11/2/2023,16,34,40,46,52,,,,,,,,,,,,,1
11/3/2023,14,21,30,32,55,,,,,,,,,,,,,2
11/4/2023,6,9,10,51,58,,,,,,,,,,,,,3
11/5/2023,19,24,33,47,54,,,,,,,,,,,,,3
11/6/2023,10,33,51,52,54,,,,,,,,,,,,,1
11/7/2023,2,22,23,34,46,,,,,,,,,,,,,1
11/8/2023,16,24,37,52,56,,,,,,,,,,,,,4
11/9/2023,5,9,18,50,54,,,,,,,,,,,,,3
11/10/2023,13,35,55,56,58,,,,,,,,,,,,,4
11/11/2023,4,11,15,27,52,,,,,,,,,,,,,2
11/12/2023,1,21,41,56,57,,,,,,,,,,,,,2
11/13/2023,5,16,21,50,57,,,,,,,,,,,,,1
11/14/2023,3,15,31,39,58,,,,,,,,,,,,,4
11/15/2023,19,21,22,26,35,,,,,,,,,,,,,1
11/16/2023,1,9,24,56,60,,,,,,,,,,,,,1
11/17/2023,3,31,33,48,55,,,,,,,,,,,,,1
11/18/2023,11,12,35,39,45,,,,,,,,,,,,,1
11/19/2023,3,19,21,40,48,,,,,,,,,,,,,2
11/20/2023,1,16,31,38,45,,,,,,,,,,,,,1
11/21/2023,5,11,25,34,46,,,,,,,,,,,,,2
11/22/2023,1,21,32,48,51,,,,,,,,,,,,,3
11/23/2023,35,44,46,50,55,,,,,,,,,,,,,3
11/24/2023,28,41,44,53,56,,,,,,,,,,,,,3
11/25/2023,35,37,45,47,55,,,,,,,,,,,,,1
11/26/2023,6,7,15,18,26,,,,,,,,,,,,,4
11/27/2023,10,24,35,50,59,,,,,,,,,,,,,3
11/28/2023,13,24,44,59,60,,,,,,,,,,,,,1
11/29/2023,1,26,27,51,59,,,,,,,,,,,,,1
11/30/2023,7,14,21,58,60,,,,,,,,,,,,,1
12/1/2023,14,31,36,56,60,,,,,,,,,,,,,3
12/2/2023,12,13,31,36,42,,,,,,,,,,,,,4
12/3/2023,4,7,13,35,45,,,,,,,,,,,,,1
12/4/2023,5,12,14,24,33,,,,,,,,,,,,,2
12/5/2023,17,28,49,56,59,,,,,,,,,,,,,4
12/6/2023,8,14,38,40,46,,,,,,,,,,,,,4
12/7/2023,16,24,32,38,52,,,,,,,,,,,,,2
12/8/2023,22,37,40,52,59,,,,,,,,,,,,,3
12/9/2023,21,30,34,42,52,,,,,,,,,,,,,1
12/10/2023,2,4,18,32,40,,,,,,,,,,,,,3
12/11/2023,5,6,7,26,52,,,,,,,,,,,,,2
12/12/2023,11,12,52,57,58,,,,,,,,,,,,,4
12/13/2023,5,20,23,48,53,,,,,,,,,,,,,3
12/14/2023,10,11,22,36,52,,,,,,,,,,,,,3
12/15/2023,7,19,34,51,55,,,,,,,,,,,,,4
12/16/2023,14,18,38,50,54,,,,,,,,,,,,,2
12/17/2023,8,31,41,49,58,,,,,,,,,,,,,3
12/18/2023,4,18,28,36,60,,,,,,,,,,,,,2
12/19/2023,9,17,26,29,41,,,,,,,,,,,,,3
12/20/2023,15,26,28,34,37,,,,,,,,,,,,,1
12/21/2023,1,10,11,36,38,,,,,,,,,,,,,1
12/22/2023,26,42,49,57,60,,,,,,,,,,,,,3
12/23/2023,13,35,36,38,49,,,,,,,,,,,,,1
12/24/2023,5,21,23,48,57,,,,,,,,,,,,,2
12/25/2023,19,29,48,51,53,,,,,,,,,,,,,4
12/26/2023,3,33,36,44,51,,,,,,,,,,,,,4
12/27/2023,1,7,10,25,32,,,,,,,,,,,,,3
12/28/2023,5,7,10,32,58,,,,,,,,,,,,,3
12/29/2023,6,13,26,39,41,,,,,,,,,,,,,4
12/30/2023,11,23,34,42,58,,,,,,,,,,,,,4
12/31/2023,16,17,22,36,54,,,,,,,,,,,,,3
1/1/2024,23,27,36,45,60,,,,,,,,,,,,,1
1/2/2024,12,20,33,53,54,,,,,,,,,,,,,3
1/3/2024,12,28,32,46,51,,,,,,,,,,,,,4
1/4/2024,6,10,19,27,51,,,,,,,,,,,,,2
1/5/2024,7,10,28,36,57,,,,,,,,,,,,,1
1/6/2024,5,7,26,28,42,,,,,,,,,,,,,1
1/7/2024,11,12,23,34,39,,,,,,,,,,,,,4
1/8/2024,35,38,50,52,56,,,,,,,,,,,,,4
1/9/2024,2,9,13,25,47,,,,,,,,,,,,,1
1/10/2024,14,16,40,47,58,,,,,,,,,,,,,4
1/11/2024,24,25,27,32,52,,,,,,,,,,,,,3
1/12/2024,29,43,51,56,57,,,,,,,,,,,,,3
1/13/2024,5,17,23,25,47,,,,,,,,,,,,,1
1/14/2024,3,16,27,28,44,,,,,,,,,,,,,1
1/15/2024,17,28,30,37,48,,,,,,,,,,,,,3
1/16/2024,10,11,26,30,45,,,,,,,,,,,,,1
1/17/2024,28,41,49,55,57,,,,,,,,,,,,,4
1/18/2024,2,3,4,25,57,,,,,,,,,,,,,3
1/19/2024,30,35,42,47,50,,,,,,,,,,,,,4
1/20/2024,8,34,36,51,52,,,,,,,,,,,,,2
1/21/2024,12,26,34,51,55,,,,,,,,,,,,,3
1/22/2024,26,28,43,50,56,,,,,,,,,,,,,3
1/23/2024,6,21,42,43,54,,,,,,,,,,,,,2
1/24/2024,1,9,22,27,50,,,,,,,,,,,,,1
1/25/2024,9,28,55,58,59,,,,,,,,,,,,,4
1/26/2024,5,8,29,32,42,,,,,,,,,,,,,4
1/27/2024,17,19,29,42,47,,,,,,,,,,,,,1
1/28/2024,6,15,29,35,36,,,,,,,,,,,,,3
1/29/2024,12,42,43,45,53,,,,,,,,,,,,,3
1/30/2024,4,28,35,47,57,,,,,,,,,,,,,4
1/31/2024,5,13,51,52,59,,,,,,,,,,,,,4
2/1/2024,4,17,18,19,44,,,,,,,,,,,,,4
2/2/2024,19,31,34,38,41,,,,,,,,,,,,,1
2/3/2024,10,19,39,41,58,,,,,,,,,,,,,2
2/4/2024,30,32,37,47,59,,,,,,,,,,,,,4
2/5/2024,19,31,39,45,54,,,,,,,,,,,,,4
2/6/2024,2,3,13,22,23,,,,,,,,,,,,,4
2/7/2024,38,40,45,47,57,,,,,,,,,,,,,3
2/8/2024,5,10,25,38,57,,,,,,,,,,,,,4
2/9/2024,22,27,33,44,59,,,,,,,,,,,,,1
2/10/2024,8,23,34,39,55,,,,,,,,,,,,,3
2/11/2024,1,21,38,39,59,,,,,,,,,,,,,4
2/12/2024,5,16,26,32,39,,,,,,,,,,,,,1
2/13/2024,3,7,21,41,49,,,,,,,,,,,,,1
2/14/2024,13,18,41,44,51,,,,,,,,,,,,,3
2/15/2024,15,30,37,39,59,,,,,,,,,,,,,2
2/16/2024,2,28,41,45,59,,,,,,,,,,,,,2
2/17/2024,5,38,44,48,55,,,,,,,,,,,,,3
2/18/2024,7,22,28,42,45,,,,,,,,,,,,,4
2/19/2024,1,39,49,53,54,,,,,,,,,,,,,3
2/20/2024,5,20,23,32,43,,,,,,,,,,,,,3
2/21/2024,12,26,29,30,32,,,,,,,,,,,,,1
2/22/2024,2,8,24,47,51,,,,,,,,,,,,,4
2/23/2024,9,36,41,46,47,,,,,,,,,,,,,2
2/24/2024,6,8,36,50,51,,,,,,,,,,,,,4
2/25/2024,13,32,34,44,50,,,,,,,,,,,,,3
2/26/2024,11,34,40,43,55,,,,,,,,,,,,,2
2/27/2024,3,17,27,53,59,,,,,,,,,,,,,2
2/28/2024,7,8,19,22,33,,,,,,,,,,,,,2
2/29/2024,6,7,21,26,57,,,,,,,,,,,,,2
3/1/2024,6,21,36,39,55,,,,,,,,,,,,,1
3/2/2024,5,21,33,44,56,,,,,,,,,,,,,3
3/3/2024,38,39,46,48,52,,,,,,,,,,,,,4
3/4/2024,13,36,41,49,55,,,,,,,,,,,,,1
3/5/2024,9,25,39,46,58,,,,,,,,,,,,,2
3/6/2024,10,26,44,52,55,,,,,,,,,,,,,1
3/7/2024,31,34,40,51,60,,,,,,,,,,,,,1
3/8/2024,16,37,42,49,51,,,,,,,,,,,,,2
3/9/2024,1,6,23,37,56,,,,,,,,,,,,,3
3/10/2024,5,13,17,42,43,,,,,,,,,,,,,4
3/11/2024,7,13,16,26,27,,,,,,,,,,,,,2
3/12/2024,3,9,24,27,39,,,,,,,,,,,,,3
3/13/2024,2,8,28,29,49,,,,,,,,,,,,,2
3/14/2024,7,12,14,50,52,,,,,,,,,,,,,3
3/15/2024,23,28,44,46,47,,,,,,,,,,,,,1
3/16/2024,7,14,17,40,49,,,,,,,,,,,,,3
3/17/2024,16,51,52,55,56,,,,,,,,,,,,,1
3/18/2024,5,11,20,23,57,,,,,,,,,,,,,2
3/19/2024,7,10,29,41,51,,,,,,,,,,,,,4
3/20/2024,37,43,49,51,56,,,,,,,,,,,,,2
3/21/2024,8,11,25,49,56,,,,,,,,,,,,,4
3/22/2024,3,11,21,38,42,,,,,,,,,,,,,4
3/23/2024,33,39,43,51,59,,,,,,,,,,,,,2
3/24/2024,14,15,23,53,54,,,,,,,,,,,,,2
3/25/2024,15,29,31,38,57,,,,,,,,,,,,,2
3/26/2024,34,38,39,42,52,,,,,,,,,,,,,3
3/27/2024,2,34,38,43,51,,,,,,,,,,,,,1
3/28/2024,3,16,21,39,51,,,,,,,,,,,,,2
3/29/2024,10,12,13,50,56,,,,,,,,,,,,,3
3/30/2024,3,8,36,52,57,,,,,,,,,,,,,1
3/31/2024,25,38,44,55,57,,,,,,,,,,,,,4
4/1/2024,12,23,25,29,45,,,,,,,,,,,,,4
4/2/2024,26,27,43,50,56,,,,,,,,,,,,,3
4/3/2024,19,29,37,47,51,,,,,,,,,,,,,1
4/4/2024,23,26,28,30,36,,,,,,,,,,,,,3
4/5/2024,2,5,15,25,57,,,,,,,,,,,,,2
4/6/2024,17,23,31,46,48,,,,,,,,,,,,,1
4/7/2024,3,16,40,45,56,,,,,,,,,,,,,4
4/8/2024,6,10,18,50,52,,,,,,,,,,,,,2
4/9/2024,11,13,27,29,31,,,,,,,,,,,,,4
4/10/2024,17,24,39,40,41,,,,,,,,,,,,,1
4/11/2024,6,23,32,33,59,,,,,,,,,,,,,4
4/12/2024,12,31,49,54,56,,,,,,,,,,,,,3
4/13/2024,14,21,24,27,38,,,,,,,,,,,,,1
4/14/2024,16,28,33,54,55,,,,,,,,,,,,,2
4/15/2024,29,32,35,43,44,,,,,,,,,,,,,2
4/16/2024,6,7,37,44,54,,,,,,,,,,,,,2
4/17/2024,10,14,32,55,56,,,,,,,,,,,,,2
4/18/2024,5,36,38,45,59,,,,,,,,,,,,,1
4/19/2024,9,12,13,21,40,,,,,,,,,,,,,1
4/20/2024,1,27,35,55,58,,,,,,,,,,,,,2
4/21/2024,2,8,46,53,55,,,,,,,,,,,,,4
4/22/2024,6,16,45,49,54,,,,,,,,,,,,,2
4/23/2024,19,23,30,44,50,,,,,,,,,,,,,1
4/24/2024,23,35,36,41,44,,,,,,,,,,,,,4
4/25/2024,3,7,39,49,58,,,,,,,,,,,,,1
4/26/2024,13,15,23,28,33,,,,,,,,,,,,,4
4/27/2024,5,7,28,44,52,,,,,,,,,,,,,1
4/28/2024,2,21,32,49,52,,,,,,,,,,,,,2
4/29/2024,13,26,35,46,50,,,,,,,,,,,,,1
4/30/2024,5,23,26,29,33,,,,,,,,,,,,,3
5/1/2024,9,13,27,31,44,,,,,,,,,,,,,3
5/2/2024,4,25,30,43,57,,,,,,,,,,,,,2
5/3/2024,3,7,9,25,42,,,,,,,,,,,,,4
5/4/2024,5,10,23,26,35,,,,,,,,,,,,,4
5/5/2024,3,15,37,40,52,,,,,,,,,,,,,1
5/6/2024,11,37,48,50,57,,,,,,,,,,,,,4
5/7/2024,6,9,17,31,59,,,,,,,,,,,,,2
5/8/2024,4,10,36,43,51,,,,,,,,,,,,,4
5/9/2024,12,15,24,36,50,,,,,,,,,,,,,2
5/10/2024,16,26,39,42,47,,,,,,,,,,,,,4
5/11/2024,2,14,41,44,47,,,,,,,,,,,,,3
5/12/2024,2,7,38,39,57,,,,,,,,,,,,,4
5/13/2024,1,8,19,22,40,,,,,,,,,,,,,1
5/14/2024,21,24,25,27,34,,,,,,,,,,,,,2
5/15/2024,8,14,25,36,58,,,,,,,,,,,,,1
5/16/2024,9,33,52,54,57,,,,,,,,,,,,,3
5/17/2024,8,12,16,35,39,,,,,,,,,,,,,3
5/18/2024,1,11,27,39,54,,,,,,,,,,,,,3
5/19/2024,5,9,13,52,57,,,,,,,,,,,,,3
5/20/2024,5,28,43,44,50,,,,,,,,,,,,,4
5/21/2024,5,30,38,51,56,,,,,,,,,,,,,1
5/22/2024,7,13,19,22,40,,,,,,,,,,,,,2
5/23/2024,10,14,30,37,56,,,,,,,,,,,,,1
5/24/2024,1,4,8,28,44,,,,,,,,,,,,,1
5/25/2024,16,17,34,38,42,,,,,,,,,,,,,4
5/26/2024,3,15,24,26,50,,,,,,,,,,,,,3
5/27/2024,2,14,16,22,56,,,,,,,,,,,,,4
5/28/2024,1,3,21,23,60,,,,,,,,,,,,,1
5/29/2024,15,19,20,43,45,,,,,,,,,,,,,1
5/30/2024,12,26,36,46,56,,,,,,,,,,,,,2
5/31/2024,8,27,32,45,46,,,,,,,,,,,,,3
6/1/2024,17,29,38,40,59,,,,,,,,,,,,,3
6/2/2024,9,23,25,38,56,,,,,,,,,,,,,2
6/3/2024,1,8,10,26,45,,,,,,,,,,,,,4
6/4/2024,3,24,26,33,56,,,,,,,,,,,,,2
6/5/2024,24,34,36,38,52,,,,,,,,,,,,,2
6/6/2024,3,8,15,38,41,,,,,,,,,,,,,1
6/7/2024,25,43,44,57,60,,,,,,,,,,,,,2
6/8/2024,6,33,41,52,60,,,,,,,,,,,,,4
6/9/2024,35,39,41,50,53,,,,,,,,,,,,,1
6/10/2024,6,29,38,41,48,,,,,,,,,,,,,2
6/11/2024,3,12,30,41,45,,,,,,,,,,,,,1
6/12/2024,8,11,27,49,60,,,,,,,,,,,,,1
6/13/2024,1,23,34,35,36,,,,,,,,,,,,,1
6/14/2024,2,14,17,40,60,,,,,,,,,,,,,2
6/15/2024,2,31,32,36,45,,,,,,,,,,,,,3
6/16/2024,33,38,41,43,57,,,,,,,,,,,,,3
6/17/2024,7,10,34,49,56,,,,,,,,,,,,,3
6/18/2024,6,10,12,19,36,,,,,,,,,,,,,4
6/19/2024,4,11,23,43,45,,,,,,,,,,,,,1
6/20/2024,13,15,30,54,57,,,,,,,,,,,,,2
6/21/2024,5,7,9,35,58,,,,,,,,,,,,,4
6/22/2024,1,8,12,34,55,,,,,,,,,,,,,2
6/23/2024,9,16,27,37,57,,,,,,,,,,,,,1
6/24/2024,2,13,22,56,60,,,,,,,,,,,,,2
6/25/2024,4,8,16,48,57,,,,,,,,,,,,,1
6/26/2024,39,44,46,51,58,,,,,,,,,,,,,1
6/27/2024,4,15,17,34,35,,,,,,,,,,,,,4
6/28/2024,26,28,49,50,56,,,,,,,,,,,,,2
6/29/2024,13,20,27,39,60,,,,,,,,,,,,,3
6/30/2024,24,36,37,38,52,,,,,,,,,,,,,4
7/1/2024,3,20,34,46,57,,,,,,,,,,,,,4
7/2/2024,2,16,18,32,48,,,,,,,,,,,,,3
7/3/2024,8,10,31,34,40,,,,,,,,,,,,,3
7/4/2024,9,30,35,37,50,,,,,,,,,,,,,1
7/5/2024,6,23,24,53,57,,,,,,,,,,,,,3
7/6/2024,12,25,38,43,59,,,,,,,,,,,,,1
7/7/2024,3,9,30,47,49,,,,,,,,,,,,,1
7/8/2024,14,17,29,50,51,,,,,,,,,,,,,3
7/9/2024,3,17,32,52,58,,,,,,,,,,,,,3
7/10/2024,10,19,38,48,59,,,,,,,,,,,,,4
7/11/2024,5,14,31,42,52,,,,,,,,,,,,,2
7/12/2024,3,6,13,21,58,,,,,,,,,,,,,2
7/13/2024,13,35,36,38,49,,,,,,,,,,,,,2
7/14/2024,13,19,21,25,26,,,,,,,,,,,,,3
7/15/2024,14,15,29,31,50,,,,,,,,,,,,,3
7/16/2024,3,14,29,51,53,,,,,,,,,,,,,3
7/17/2024,5,17,28,43,54,,,,,,,,,,,,,4
7/18/2024,1,11,16,31,44,,,,,,,,,,,,,2
7/19/2024,33,47,57,59,60,,,,,,,,,,,,,2
7/20/2024,1,5,23,41,49,,,,,,,,,,,,,1
7/21/2024,15,24,28,33,36,,,,,,,,,,,,,4
7/22/2024,11,16,21,34,45,,,,,,,,,,,,,1
7/23/2024,8,11,24,32,38,,,,,,,,,,,,,4
7/24/2024,2,11,17,19,29,,,,,,,,,,,,,3
7/25/2024,11,12,29,52,60,,,,,,,,,,,,,3
7/26/2024,2,25,33,56,59,,,,,,,,,,,,,1
7/27/2024,15,38,44,53,60,,,,,,,,,,,,,3
7/28/2024,23,42,43,49,56,,,,,,,,,,,,,2
7/29/2024,9,10,28,34,53,,,,,,,,,,,,,1
7/30/2024,42,45,48,49,50,,,,,,,,,,,,,4
7/31/2024,25,27,49,52,54,,,,,,,,,,,,,2
8/1/2024,18,46,52,53,58,,,,,,,,,,,,,1
8/2/2024,20,22,34,35,43,,,,,,,,,,,,,2
8/3/2024,25,35,36,41,59,,,,,,,,,,,,,2
8/4/2024,1,14,41,44,45,,,,,,,,,,,,,3
8/5/2024,8,25,33,38,46,,,,,,,,,,,,,2
8/6/2024,1,5,36,38,57,,,,,,,,,,,,,3
8/7/2024,18,24,37,50,56,,,,,,,,,,,,,1
8/8/2024,3,6,17,28,58,,,,,,,,,,,,,3
8/9/2024,5,18,26,36,43,,,,,,,,,,,,,4
8/10/2024,8,13,20,25,39,,,,,,,,,,,,,2
8/12/2024,2,5,19,35,55,,,,,,,,,,,,,4
8/13/2024,18,25,33,36,56,,,,,,,,,,,,,4
8/14/2024,3,10,12,40,54,,,,,,,,,,,,,1
8/16/2024,8,10,25,40,45,,,,,,,,,,,,,2
8/18/2024,8,9,21,44,53,,,,,,,,,,,,,1
8/19/2024,5,16,19,30,36,,,,,,,,,,,,,3
8/20/2024,9,18,32,37,46,,,,,,,,,,,,,4
8/21/2024,4,6,19,40,50,,,,,,,,,,,,,3
8/22/2024,21,28,30,40,53,,,,,,,,,,,,,1
8/23/2024,21,26,32,39,58,,,,,,,,,,,,,2
8/24/2024,1,10,37,45,49,,,,,,,,,,,,,2
8/25/2024,4,16,29,35,55,,,,,,,,,,,,,4
8/26/2024,8,15,20,40,41,,,,,,,,,,,,,2
8/27/2024,9,22,47,48,59,,,,,,,,,,,,,4
8/28/2024,4,9,34,38,42,,,,,,,,,,,,,1
8/29/2024,5,20,33,40,48,,,,,,,,,,,,,3
8/30/2024,10,12,14,28,29,,,,,,,,,,,,,3
8/31/2024,18,22,25,36,37,,,,,,,,,,,,,4
9/1/2024,6,21,33,49,50,,,,,,,,,,,,,2
9/2/2024,5,28,29,47,50,,,,,,,,,,,,,1
9/3/2024,22,28,30,51,55,,,,,,,,,,,,,1
9/4/2024,13,22,27,35,46,,,,,,,,,,,,,2
9/5/2024,2,22,31,48,56,,,,,,,,,,,,,1
9/6/2024,5,27,33,49,56,,,,,,,,,,,,,3
9/7/2024,2,12,19,25,56,,,,,,,,,,,,,3
9/8/2024,4,28,31,49,60,,,,,,,,,,,,,2
9/9/2024,14,31,34,44,52,,,,,,,,,,,,,3
9/10/2024,1,2,14,21,32,,,,,,,,,,,,,3
